"state","year","race","rate","cancer"
"United States",2020,"White",19.4,"breast"
"United States",2020,"Black",26.7,"breast"
"United States",2020,"Hispanic",13.1,"breast"
"United States",2020,"American_Indian_AlaskaNative",14,"breast"
"United States",2020,"Asian",11,"breast"
"United States",2020,"Native_Hawaiian_Pacific_Islander",23.3,"breast"
"United States",2020,"Multiple_Races",9.4,"breast"
"United States",2020,"Overall",19.1,"breast"
"Alabama",2020,"White",19.3,"breast"
"Alabama",2020,"Black",24.1,"breast"
"Alabama",2020,"Hispanic",NA,"breast"
"Alabama",2020,"American_Indian_AlaskaNative",NA,"breast"
"Alabama",2020,"Asian",NA,"breast"
"Alabama",2020,"Native_Hawaiian_Pacific_Islander",NA,"breast"
"Alabama",2020,"Multiple_Races",NA,"breast"
"Alabama",2020,"Overall",20,"breast"
"Alaska",2020,"White",12.9,"breast"
"Alaska",2020,"Black",NA,"breast"
"Alaska",2020,"Hispanic",NA,"breast"
"Alaska",2020,"American_Indian_AlaskaNative",NA,"breast"
"Alaska",2020,"Asian",NA,"breast"
"Alaska",2020,"Native_Hawaiian_Pacific_Islander",NA,"breast"
"Alaska",2020,"Multiple_Races",NA,"breast"
"Alaska",2020,"Overall",15.1,"breast"
"Arizona",2020,"White",18.9,"breast"
"Arizona",2020,"Black",26.9,"breast"
"Arizona",2020,"Hispanic",15,"breast"
"Arizona",2020,"American_Indian_AlaskaNative",NA,"breast"
"Arizona",2020,"Asian",NA,"breast"
"Arizona",2020,"Native_Hawaiian_Pacific_Islander",NA,"breast"
"Arizona",2020,"Multiple_Races",NA,"breast"
"Arizona",2020,"Overall",17.6,"breast"
"Arkansas",2020,"White",19.5,"breast"
"Arkansas",2020,"Black",27.5,"breast"
"Arkansas",2020,"Hispanic",NA,"breast"
"Arkansas",2020,"American_Indian_AlaskaNative",NA,"breast"
"Arkansas",2020,"Asian",NA,"breast"
"Arkansas",2020,"Native_Hawaiian_Pacific_Islander",NA,"breast"
"Arkansas",2020,"Multiple_Races",NA,"breast"
"Arkansas",2020,"Overall",20.2,"breast"
"California",2020,"White",21.2,"breast"
"California",2020,"Black",27.3,"breast"
"California",2020,"Hispanic",14.3,"breast"
"California",2020,"American_Indian_AlaskaNative",NA,"breast"
"California",2020,"Asian",13.1,"breast"
"California",2020,"Native_Hawaiian_Pacific_Islander",26.5,"breast"
"California",2020,"Multiple_Races",15.8,"breast"
"California",2020,"Overall",18.4,"breast"
"Colorado",2020,"White",20,"breast"
"Colorado",2020,"Black",23.3,"breast"
"Colorado",2020,"Hispanic",14.1,"breast"
"Colorado",2020,"American_Indian_AlaskaNative",NA,"breast"
"Colorado",2020,"Asian",NA,"breast"
"Colorado",2020,"Native_Hawaiian_Pacific_Islander",NA,"breast"
"Colorado",2020,"Multiple_Races",NA,"breast"
"Colorado",2020,"Overall",19,"breast"
"Connecticut",2020,"White",18.5,"breast"
"Connecticut",2020,"Black",23.5,"breast"
"Connecticut",2020,"Hispanic",9.3,"breast"
"Connecticut",2020,"American_Indian_AlaskaNative",NA,"breast"
"Connecticut",2020,"Asian",NA,"breast"
"Connecticut",2020,"Native_Hawaiian_Pacific_Islander",NA,"breast"
"Connecticut",2020,"Multiple_Races",NA,"breast"
"Connecticut",2020,"Overall",18,"breast"
"Delaware",2020,"White",18.5,"breast"
"Delaware",2020,"Black",21.5,"breast"
"Delaware",2020,"Hispanic",NA,"breast"
"Delaware",2020,"American_Indian_AlaskaNative",NA,"breast"
"Delaware",2020,"Asian",NA,"breast"
"Delaware",2020,"Native_Hawaiian_Pacific_Islander",NA,"breast"
"Delaware",2020,"Multiple_Races",NA,"breast"
"Delaware",2020,"Overall",18.7,"breast"
"District of Columbia",2020,"White",NA,"breast"
"District of Columbia",2020,"Black",23.4,"breast"
"District of Columbia",2020,"Hispanic",NA,"breast"
"District of Columbia",2020,"American_Indian_AlaskaNative",NA,"breast"
"District of Columbia",2020,"Asian",NA,"breast"
"District of Columbia",2020,"Native_Hawaiian_Pacific_Islander",NA,"breast"
"District of Columbia",2020,"Multiple_Races",NA,"breast"
"District of Columbia",2020,"Overall",18.5,"breast"
"Florida",2020,"White",18.6,"breast"
"Florida",2020,"Black",25.4,"breast"
"Florida",2020,"Hispanic",12.2,"breast"
"Florida",2020,"American_Indian_AlaskaNative",NA,"breast"
"Florida",2020,"Asian",10.5,"breast"
"Florida",2020,"Native_Hawaiian_Pacific_Islander",NA,"breast"
"Florida",2020,"Multiple_Races",NA,"breast"
"Florida",2020,"Overall",17.8,"breast"
"Georgia",2020,"White",18.2,"breast"
"Georgia",2020,"Black",27,"breast"
"Georgia",2020,"Hispanic",10.5,"breast"
"Georgia",2020,"American_Indian_AlaskaNative",NA,"breast"
"Georgia",2020,"Asian",10.4,"breast"
"Georgia",2020,"Native_Hawaiian_Pacific_Islander",NA,"breast"
"Georgia",2020,"Multiple_Races",NA,"breast"
"Georgia",2020,"Overall",20,"breast"
"Hawaii",2020,"White",16,"breast"
"Hawaii",2020,"Black",NA,"breast"
"Hawaii",2020,"Hispanic",NA,"breast"
"Hawaii",2020,"American_Indian_AlaskaNative",NA,"breast"
"Hawaii",2020,"Asian",11.7,"breast"
"Hawaii",2020,"Native_Hawaiian_Pacific_Islander",NA,"breast"
"Hawaii",2020,"Multiple_Races",26.8,"breast"
"Hawaii",2020,"Overall",15.3,"breast"
"Idaho",2020,"White",17.2,"breast"
"Idaho",2020,"Black",NA,"breast"
"Idaho",2020,"Hispanic",NA,"breast"
"Idaho",2020,"American_Indian_AlaskaNative",NA,"breast"
"Idaho",2020,"Asian",NA,"breast"
"Idaho",2020,"Native_Hawaiian_Pacific_Islander",NA,"breast"
"Idaho",2020,"Multiple_Races",NA,"breast"
"Idaho",2020,"Overall",16.9,"breast"
"Illinois",2020,"White",20,"breast"
"Illinois",2020,"Black",29.5,"breast"
"Illinois",2020,"Hispanic",10.8,"breast"
"Illinois",2020,"American_Indian_AlaskaNative",NA,"breast"
"Illinois",2020,"Asian",11.3,"breast"
"Illinois",2020,"Native_Hawaiian_Pacific_Islander",NA,"breast"
"Illinois",2020,"Multiple_Races",NA,"breast"
"Illinois",2020,"Overall",20.1,"breast"
"Indiana",2020,"White",20.7,"breast"
"Indiana",2020,"Black",29,"breast"
"Indiana",2020,"Hispanic",NA,"breast"
"Indiana",2020,"American_Indian_AlaskaNative",NA,"breast"
"Indiana",2020,"Asian",NA,"breast"
"Indiana",2020,"Native_Hawaiian_Pacific_Islander",NA,"breast"
"Indiana",2020,"Multiple_Races",NA,"breast"
"Indiana",2020,"Overall",20.6,"breast"
"Iowa",2020,"White",17.9,"breast"
"Iowa",2020,"Black",NA,"breast"
"Iowa",2020,"Hispanic",NA,"breast"
"Iowa",2020,"American_Indian_AlaskaNative",NA,"breast"
"Iowa",2020,"Asian",NA,"breast"
"Iowa",2020,"Native_Hawaiian_Pacific_Islander",NA,"breast"
"Iowa",2020,"Multiple_Races",NA,"breast"
"Iowa",2020,"Overall",17.4,"breast"
"Kansas",2020,"White",18,"breast"
"Kansas",2020,"Black",28.7,"breast"
"Kansas",2020,"Hispanic",NA,"breast"
"Kansas",2020,"American_Indian_AlaskaNative",NA,"breast"
"Kansas",2020,"Asian",NA,"breast"
"Kansas",2020,"Native_Hawaiian_Pacific_Islander",NA,"breast"
"Kansas",2020,"Multiple_Races",NA,"breast"
"Kansas",2020,"Overall",18.2,"breast"
"Kentucky",2020,"White",22.8,"breast"
"Kentucky",2020,"Black",31.6,"breast"
"Kentucky",2020,"Hispanic",NA,"breast"
"Kentucky",2020,"American_Indian_AlaskaNative",NA,"breast"
"Kentucky",2020,"Asian",NA,"breast"
"Kentucky",2020,"Native_Hawaiian_Pacific_Islander",NA,"breast"
"Kentucky",2020,"Multiple_Races",NA,"breast"
"Kentucky",2020,"Overall",22.8,"breast"
"Louisiana",2020,"White",20.5,"breast"
"Louisiana",2020,"Black",26.9,"breast"
"Louisiana",2020,"Hispanic",NA,"breast"
"Louisiana",2020,"American_Indian_AlaskaNative",NA,"breast"
"Louisiana",2020,"Asian",NA,"breast"
"Louisiana",2020,"Native_Hawaiian_Pacific_Islander",NA,"breast"
"Louisiana",2020,"Multiple_Races",NA,"breast"
"Louisiana",2020,"Overall",21.8,"breast"
"Maine",2020,"White",17.7,"breast"
"Maine",2020,"Black",NA,"breast"
"Maine",2020,"Hispanic",NA,"breast"
"Maine",2020,"American_Indian_AlaskaNative",NA,"breast"
"Maine",2020,"Asian",NA,"breast"
"Maine",2020,"Native_Hawaiian_Pacific_Islander",NA,"breast"
"Maine",2020,"Multiple_Races",NA,"breast"
"Maine",2020,"Overall",17.5,"breast"
"Maryland",2020,"White",20.3,"breast"
"Maryland",2020,"Black",28.1,"breast"
"Maryland",2020,"Hispanic",10.9,"breast"
"Maryland",2020,"American_Indian_AlaskaNative",NA,"breast"
"Maryland",2020,"Asian",11.4,"breast"
"Maryland",2020,"Native_Hawaiian_Pacific_Islander",NA,"breast"
"Maryland",2020,"Multiple_Races",NA,"breast"
"Maryland",2020,"Overall",21.5,"breast"
"Massachusetts",2020,"White",16.6,"breast"
"Massachusetts",2020,"Black",20.9,"breast"
"Massachusetts",2020,"Hispanic",9.5,"breast"
"Massachusetts",2020,"American_Indian_AlaskaNative",NA,"breast"
"Massachusetts",2020,"Asian",NA,"breast"
"Massachusetts",2020,"Native_Hawaiian_Pacific_Islander",NA,"breast"
"Massachusetts",2020,"Multiple_Races",NA,"breast"
"Massachusetts",2020,"Overall",16.1,"breast"
"Michigan",2020,"White",19,"breast"
"Michigan",2020,"Black",28.3,"breast"
"Michigan",2020,"Hispanic",13.1,"breast"
"Michigan",2020,"American_Indian_AlaskaNative",NA,"breast"
"Michigan",2020,"Asian",13.6,"breast"
"Michigan",2020,"Native_Hawaiian_Pacific_Islander",NA,"breast"
"Michigan",2020,"Multiple_Races",NA,"breast"
"Michigan",2020,"Overall",20,"breast"
"Minnesota",2020,"White",17.4,"breast"
"Minnesota",2020,"Black",29.1,"breast"
"Minnesota",2020,"Hispanic",NA,"breast"
"Minnesota",2020,"American_Indian_AlaskaNative",NA,"breast"
"Minnesota",2020,"Asian",NA,"breast"
"Minnesota",2020,"Native_Hawaiian_Pacific_Islander",NA,"breast"
"Minnesota",2020,"Multiple_Races",NA,"breast"
"Minnesota",2020,"Overall",17.4,"breast"
"Mississippi",2020,"White",20.4,"breast"
"Mississippi",2020,"Black",34.8,"breast"
"Mississippi",2020,"Hispanic",NA,"breast"
"Mississippi",2020,"American_Indian_AlaskaNative",NA,"breast"
"Mississippi",2020,"Asian",NA,"breast"
"Mississippi",2020,"Native_Hawaiian_Pacific_Islander",NA,"breast"
"Mississippi",2020,"Multiple_Races",NA,"breast"
"Mississippi",2020,"Overall",25,"breast"
"Missouri",2020,"White",18.8,"breast"
"Missouri",2020,"Black",26.1,"breast"
"Missouri",2020,"Hispanic",NA,"breast"
"Missouri",2020,"American_Indian_AlaskaNative",NA,"breast"
"Missouri",2020,"Asian",NA,"breast"
"Missouri",2020,"Native_Hawaiian_Pacific_Islander",NA,"breast"
"Missouri",2020,"Multiple_Races",NA,"breast"
"Missouri",2020,"Overall",18.9,"breast"
"Montana",2020,"White",16.9,"breast"
"Montana",2020,"Black",NA,"breast"
"Montana",2020,"Hispanic",NA,"breast"
"Montana",2020,"American_Indian_AlaskaNative",NA,"breast"
"Montana",2020,"Asian",NA,"breast"
"Montana",2020,"Native_Hawaiian_Pacific_Islander",NA,"breast"
"Montana",2020,"Multiple_Races",NA,"breast"
"Montana",2020,"Overall",16.8,"breast"
"Nebraska",2020,"White",22.4,"breast"
"Nebraska",2020,"Black",NA,"breast"
"Nebraska",2020,"Hispanic",NA,"breast"
"Nebraska",2020,"American_Indian_AlaskaNative",NA,"breast"
"Nebraska",2020,"Asian",NA,"breast"
"Nebraska",2020,"Native_Hawaiian_Pacific_Islander",NA,"breast"
"Nebraska",2020,"Multiple_Races",NA,"breast"
"Nebraska",2020,"Overall",21.5,"breast"
"Nevada",2020,"White",24.1,"breast"
"Nevada",2020,"Black",28.4,"breast"
"Nevada",2020,"Hispanic",11.8,"breast"
"Nevada",2020,"American_Indian_AlaskaNative",NA,"breast"
"Nevada",2020,"Asian",10.6,"breast"
"Nevada",2020,"Native_Hawaiian_Pacific_Islander",NA,"breast"
"Nevada",2020,"Multiple_Races",NA,"breast"
"Nevada",2020,"Overall",20.9,"breast"
"New Hampshire",2020,"White",18.2,"breast"
"New Hampshire",2020,"Black",NA,"breast"
"New Hampshire",2020,"Hispanic",NA,"breast"
"New Hampshire",2020,"American_Indian_AlaskaNative",NA,"breast"
"New Hampshire",2020,"Asian",NA,"breast"
"New Hampshire",2020,"Native_Hawaiian_Pacific_Islander",NA,"breast"
"New Hampshire",2020,"Multiple_Races",NA,"breast"
"New Hampshire",2020,"Overall",18.3,"breast"
"New Jersey",2020,"White",20.9,"breast"
"New Jersey",2020,"Black",25.2,"breast"
"New Jersey",2020,"Hispanic",13.2,"breast"
"New Jersey",2020,"American_Indian_AlaskaNative",NA,"breast"
"New Jersey",2020,"Asian",9.8,"breast"
"New Jersey",2020,"Native_Hawaiian_Pacific_Islander",NA,"breast"
"New Jersey",2020,"Multiple_Races",NA,"breast"
"New Jersey",2020,"Overall",19.6,"breast"
"New Mexico",2020,"White",21.2,"breast"
"New Mexico",2020,"Black",NA,"breast"
"New Mexico",2020,"Hispanic",16.2,"breast"
"New Mexico",2020,"American_Indian_AlaskaNative",NA,"breast"
"New Mexico",2020,"Asian",NA,"breast"
"New Mexico",2020,"Native_Hawaiian_Pacific_Islander",NA,"breast"
"New Mexico",2020,"Multiple_Races",NA,"breast"
"New Mexico",2020,"Overall",18.6,"breast"
"New York",2020,"White",18.4,"breast"
"New York",2020,"Black",23.7,"breast"
"New York",2020,"Hispanic",11.6,"breast"
"New York",2020,"American_Indian_AlaskaNative",NA,"breast"
"New York",2020,"Asian",9.5,"breast"
"New York",2020,"Native_Hawaiian_Pacific_Islander",NA,"breast"
"New York",2020,"Multiple_Races",NA,"breast"
"New York",2020,"Overall",17.7,"breast"
"North Carolina",2020,"White",18.2,"breast"
"North Carolina",2020,"Black",26.2,"breast"
"North Carolina",2020,"Hispanic",8,"breast"
"North Carolina",2020,"American_Indian_AlaskaNative",NA,"breast"
"North Carolina",2020,"Asian",NA,"breast"
"North Carolina",2020,"Native_Hawaiian_Pacific_Islander",NA,"breast"
"North Carolina",2020,"Multiple_Races",NA,"breast"
"North Carolina",2020,"Overall",19.2,"breast"
"North Dakota",2020,"White",16.9,"breast"
"North Dakota",2020,"Black",NA,"breast"
"North Dakota",2020,"Hispanic",NA,"breast"
"North Dakota",2020,"American_Indian_AlaskaNative",NA,"breast"
"North Dakota",2020,"Asian",NA,"breast"
"North Dakota",2020,"Native_Hawaiian_Pacific_Islander",NA,"breast"
"North Dakota",2020,"Multiple_Races",NA,"breast"
"North Dakota",2020,"Overall",17.2,"breast"
"Ohio",2020,"White",19.7,"breast"
"Ohio",2020,"Black",28,"breast"
"Ohio",2020,"Hispanic",NA,"breast"
"Ohio",2020,"American_Indian_AlaskaNative",NA,"breast"
"Ohio",2020,"Asian",NA,"breast"
"Ohio",2020,"Native_Hawaiian_Pacific_Islander",NA,"breast"
"Ohio",2020,"Multiple_Races",NA,"breast"
"Ohio",2020,"Overall",19.9,"breast"
"Oklahoma",2020,"White",22.5,"breast"
"Oklahoma",2020,"Black",25.1,"breast"
"Oklahoma",2020,"Hispanic",22.8,"breast"
"Oklahoma",2020,"American_Indian_AlaskaNative",21.2,"breast"
"Oklahoma",2020,"Asian",NA,"breast"
"Oklahoma",2020,"Native_Hawaiian_Pacific_Islander",NA,"breast"
"Oklahoma",2020,"Multiple_Races",NA,"breast"
"Oklahoma",2020,"Overall",22.3,"breast"
"Oregon",2020,"White",18.7,"breast"
"Oregon",2020,"Black",NA,"breast"
"Oregon",2020,"Hispanic",9.9,"breast"
"Oregon",2020,"American_Indian_AlaskaNative",NA,"breast"
"Oregon",2020,"Asian",NA,"breast"
"Oregon",2020,"Native_Hawaiian_Pacific_Islander",NA,"breast"
"Oregon",2020,"Multiple_Races",NA,"breast"
"Oregon",2020,"Overall",18.5,"breast"
"Pennsylvania",2020,"White",19.1,"breast"
"Pennsylvania",2020,"Black",28.4,"breast"
"Pennsylvania",2020,"Hispanic",11.8,"breast"
"Pennsylvania",2020,"American_Indian_AlaskaNative",NA,"breast"
"Pennsylvania",2020,"Asian",10.4,"breast"
"Pennsylvania",2020,"Native_Hawaiian_Pacific_Islander",NA,"breast"
"Pennsylvania",2020,"Multiple_Races",NA,"breast"
"Pennsylvania",2020,"Overall",19.6,"breast"
"Rhode Island",2020,"White",15.9,"breast"
"Rhode Island",2020,"Black",NA,"breast"
"Rhode Island",2020,"Hispanic",NA,"breast"
"Rhode Island",2020,"American_Indian_AlaskaNative",NA,"breast"
"Rhode Island",2020,"Asian",NA,"breast"
"Rhode Island",2020,"Native_Hawaiian_Pacific_Islander",NA,"breast"
"Rhode Island",2020,"Multiple_Races",NA,"breast"
"Rhode Island",2020,"Overall",16.3,"breast"
"South Carolina",2020,"White",21.5,"breast"
"South Carolina",2020,"Black",26.3,"breast"
"South Carolina",2020,"Hispanic",NA,"breast"
"South Carolina",2020,"American_Indian_AlaskaNative",NA,"breast"
"South Carolina",2020,"Asian",NA,"breast"
"South Carolina",2020,"Native_Hawaiian_Pacific_Islander",NA,"breast"
"South Carolina",2020,"Multiple_Races",NA,"breast"
"South Carolina",2020,"Overall",22,"breast"
"South Dakota",2020,"White",19.1,"breast"
"South Dakota",2020,"Black",NA,"breast"
"South Dakota",2020,"Hispanic",NA,"breast"
"South Dakota",2020,"American_Indian_AlaskaNative",NA,"breast"
"South Dakota",2020,"Asian",NA,"breast"
"South Dakota",2020,"Native_Hawaiian_Pacific_Islander",NA,"breast"
"South Dakota",2020,"Multiple_Races",NA,"breast"
"South Dakota",2020,"Overall",19.1,"breast"
"Tennessee",2020,"White",21.2,"breast"
"Tennessee",2020,"Black",27.9,"breast"
"Tennessee",2020,"Hispanic",NA,"breast"
"Tennessee",2020,"American_Indian_AlaskaNative",NA,"breast"
"Tennessee",2020,"Asian",NA,"breast"
"Tennessee",2020,"Native_Hawaiian_Pacific_Islander",NA,"breast"
"Tennessee",2020,"Multiple_Races",NA,"breast"
"Tennessee",2020,"Overall",21.4,"breast"
"Texas",2020,"White",19.8,"breast"
"Texas",2020,"Black",28,"breast"
"Texas",2020,"Hispanic",14.5,"breast"
"Texas",2020,"American_Indian_AlaskaNative",NA,"breast"
"Texas",2020,"Asian",10.7,"breast"
"Texas",2020,"Native_Hawaiian_Pacific_Islander",NA,"breast"
"Texas",2020,"Multiple_Races",NA,"breast"
"Texas",2020,"Overall",18.8,"breast"
"Utah",2020,"White",20.9,"breast"
"Utah",2020,"Black",NA,"breast"
"Utah",2020,"Hispanic",NA,"breast"
"Utah",2020,"American_Indian_AlaskaNative",NA,"breast"
"Utah",2020,"Asian",NA,"breast"
"Utah",2020,"Native_Hawaiian_Pacific_Islander",NA,"breast"
"Utah",2020,"Multiple_Races",NA,"breast"
"Utah",2020,"Overall",19.9,"breast"
"Vermont",2020,"White",16.1,"breast"
"Vermont",2020,"Black",NA,"breast"
"Vermont",2020,"Hispanic",NA,"breast"
"Vermont",2020,"American_Indian_AlaskaNative",NA,"breast"
"Vermont",2020,"Asian",NA,"breast"
"Vermont",2020,"Native_Hawaiian_Pacific_Islander",NA,"breast"
"Vermont",2020,"Multiple_Races",NA,"breast"
"Vermont",2020,"Overall",15.4,"breast"
"Virginia",2020,"White",19.5,"breast"
"Virginia",2020,"Black",26.3,"breast"
"Virginia",2020,"Hispanic",7.2,"breast"
"Virginia",2020,"American_Indian_AlaskaNative",NA,"breast"
"Virginia",2020,"Asian",10.6,"breast"
"Virginia",2020,"Native_Hawaiian_Pacific_Islander",NA,"breast"
"Virginia",2020,"Multiple_Races",NA,"breast"
"Virginia",2020,"Overall",19.8,"breast"
"Washington",2020,"White",20.4,"breast"
"Washington",2020,"Black",16.6,"breast"
"Washington",2020,"Hispanic",10.6,"breast"
"Washington",2020,"American_Indian_AlaskaNative",NA,"breast"
"Washington",2020,"Asian",10.5,"breast"
"Washington",2020,"Native_Hawaiian_Pacific_Islander",NA,"breast"
"Washington",2020,"Multiple_Races",NA,"breast"
"Washington",2020,"Overall",18.9,"breast"
"West Virginia",2020,"White",19.1,"breast"
"West Virginia",2020,"Black",NA,"breast"
"West Virginia",2020,"Hispanic",NA,"breast"
"West Virginia",2020,"American_Indian_AlaskaNative",NA,"breast"
"West Virginia",2020,"Asian",NA,"breast"
"West Virginia",2020,"Native_Hawaiian_Pacific_Islander",NA,"breast"
"West Virginia",2020,"Multiple_Races",NA,"breast"
"West Virginia",2020,"Overall",18.8,"breast"
"Wisconsin",2020,"White",18.3,"breast"
"Wisconsin",2020,"Black",19.8,"breast"
"Wisconsin",2020,"Hispanic",NA,"breast"
"Wisconsin",2020,"American_Indian_AlaskaNative",NA,"breast"
"Wisconsin",2020,"Asian",NA,"breast"
"Wisconsin",2020,"Native_Hawaiian_Pacific_Islander",NA,"breast"
"Wisconsin",2020,"Multiple_Races",NA,"breast"
"Wisconsin",2020,"Overall",18.1,"breast"
"Wyoming",2020,"White",19,"breast"
"Wyoming",2020,"Black",NA,"breast"
"Wyoming",2020,"Hispanic",NA,"breast"
"Wyoming",2020,"American_Indian_AlaskaNative",NA,"breast"
"Wyoming",2020,"Asian",NA,"breast"
"Wyoming",2020,"Native_Hawaiian_Pacific_Islander",NA,"breast"
"Wyoming",2020,"Multiple_Races",NA,"breast"
"Wyoming",2020,"Overall",18.6,"breast"
"United States",2021,"White",19.8,"breast"
"United States",2021,"Black",26.3,"breast"
"United States",2021,"Hispanic",13.6,"breast"
"United States",2021,"American_Indian_AlaskaNative",14.3,"breast"
"United States",2021,"Asian",11.5,"breast"
"United States",2021,"Native_Hawaiian_Pacific_Islander",30.8,"breast"
"United States",2021,"Multiple_Races",9.8,"breast"
"United States",2021,"Overall",19.4,"breast"
"Alabama",2021,"White",18.4,"breast"
"Alabama",2021,"Black",27,"breast"
"Alabama",2021,"Hispanic",NA,"breast"
"Alabama",2021,"American_Indian_AlaskaNative",NA,"breast"
"Alabama",2021,"Asian",NA,"breast"
"Alabama",2021,"Native_Hawaiian_Pacific_Islander",NA,"breast"
"Alabama",2021,"Multiple_Races",NA,"breast"
"Alabama",2021,"Overall",20,"breast"
"Alaska",2021,"White",20,"breast"
"Alaska",2021,"Black",NA,"breast"
"Alaska",2021,"Hispanic",NA,"breast"
"Alaska",2021,"American_Indian_AlaskaNative",NA,"breast"
"Alaska",2021,"Asian",NA,"breast"
"Alaska",2021,"Native_Hawaiian_Pacific_Islander",NA,"breast"
"Alaska",2021,"Multiple_Races",NA,"breast"
"Alaska",2021,"Overall",19,"breast"
"Arizona",2021,"White",20.7,"breast"
"Arizona",2021,"Black",30.6,"breast"
"Arizona",2021,"Hispanic",16,"breast"
"Arizona",2021,"American_Indian_AlaskaNative",16.1,"breast"
"Arizona",2021,"Asian",17.8,"breast"
"Arizona",2021,"Native_Hawaiian_Pacific_Islander",NA,"breast"
"Arizona",2021,"Multiple_Races",NA,"breast"
"Arizona",2021,"Overall",20,"breast"
"Arkansas",2021,"White",20.7,"breast"
"Arkansas",2021,"Black",30.3,"breast"
"Arkansas",2021,"Hispanic",NA,"breast"
"Arkansas",2021,"American_Indian_AlaskaNative",NA,"breast"
"Arkansas",2021,"Asian",NA,"breast"
"Arkansas",2021,"Native_Hawaiian_Pacific_Islander",NA,"breast"
"Arkansas",2021,"Multiple_Races",NA,"breast"
"Arkansas",2021,"Overall",21.5,"breast"
"California",2021,"White",21.3,"breast"
"California",2021,"Black",31.1,"breast"
"California",2021,"Hispanic",13.9,"breast"
"California",2021,"American_Indian_AlaskaNative",19.4,"breast"
"California",2021,"Asian",13,"breast"
"California",2021,"Native_Hawaiian_Pacific_Islander",32.8,"breast"
"California",2021,"Multiple_Races",13.7,"breast"
"California",2021,"Overall",18.6,"breast"
"Colorado",2021,"White",19.7,"breast"
"Colorado",2021,"Black",27.5,"breast"
"Colorado",2021,"Hispanic",17.5,"breast"
"Colorado",2021,"American_Indian_AlaskaNative",NA,"breast"
"Colorado",2021,"Asian",NA,"breast"
"Colorado",2021,"Native_Hawaiian_Pacific_Islander",NA,"breast"
"Colorado",2021,"Multiple_Races",NA,"breast"
"Colorado",2021,"Overall",19.5,"breast"
"Connecticut",2021,"White",16.3,"breast"
"Connecticut",2021,"Black",17.4,"breast"
"Connecticut",2021,"Hispanic",9.6,"breast"
"Connecticut",2021,"American_Indian_AlaskaNative",NA,"breast"
"Connecticut",2021,"Asian",NA,"breast"
"Connecticut",2021,"Native_Hawaiian_Pacific_Islander",NA,"breast"
"Connecticut",2021,"Multiple_Races",NA,"breast"
"Connecticut",2021,"Overall",15.6,"breast"
"Delaware",2021,"White",22.3,"breast"
"Delaware",2021,"Black",23.9,"breast"
"Delaware",2021,"Hispanic",NA,"breast"
"Delaware",2021,"American_Indian_AlaskaNative",NA,"breast"
"Delaware",2021,"Asian",NA,"breast"
"Delaware",2021,"Native_Hawaiian_Pacific_Islander",NA,"breast"
"Delaware",2021,"Multiple_Races",NA,"breast"
"Delaware",2021,"Overall",22.4,"breast"
"District of Columbia",2021,"White",NA,"breast"
"District of Columbia",2021,"Black",29.3,"breast"
"District of Columbia",2021,"Hispanic",NA,"breast"
"District of Columbia",2021,"American_Indian_AlaskaNative",NA,"breast"
"District of Columbia",2021,"Asian",NA,"breast"
"District of Columbia",2021,"Native_Hawaiian_Pacific_Islander",NA,"breast"
"District of Columbia",2021,"Multiple_Races",NA,"breast"
"District of Columbia",2021,"Overall",22.1,"breast"
"Florida",2021,"White",19.7,"breast"
"Florida",2021,"Black",25,"breast"
"Florida",2021,"Hispanic",14,"breast"
"Florida",2021,"American_Indian_AlaskaNative",NA,"breast"
"Florida",2021,"Asian",12.5,"breast"
"Florida",2021,"Native_Hawaiian_Pacific_Islander",NA,"breast"
"Florida",2021,"Multiple_Races",NA,"breast"
"Florida",2021,"Overall",18.9,"breast"
"Georgia",2021,"White",21.3,"breast"
"Georgia",2021,"Black",26.9,"breast"
"Georgia",2021,"Hispanic",12.4,"breast"
"Georgia",2021,"American_Indian_AlaskaNative",NA,"breast"
"Georgia",2021,"Asian",10.9,"breast"
"Georgia",2021,"Native_Hawaiian_Pacific_Islander",NA,"breast"
"Georgia",2021,"Multiple_Races",NA,"breast"
"Georgia",2021,"Overall",22.2,"breast"
"Hawaii",2021,"White",19.6,"breast"
"Hawaii",2021,"Black",NA,"breast"
"Hawaii",2021,"Hispanic",NA,"breast"
"Hawaii",2021,"American_Indian_AlaskaNative",NA,"breast"
"Hawaii",2021,"Asian",12.9,"breast"
"Hawaii",2021,"Native_Hawaiian_Pacific_Islander",NA,"breast"
"Hawaii",2021,"Multiple_Races",21.5,"breast"
"Hawaii",2021,"Overall",15.9,"breast"
"Idaho",2021,"White",21.6,"breast"
"Idaho",2021,"Black",NA,"breast"
"Idaho",2021,"Hispanic",NA,"breast"
"Idaho",2021,"American_Indian_AlaskaNative",NA,"breast"
"Idaho",2021,"Asian",NA,"breast"
"Idaho",2021,"Native_Hawaiian_Pacific_Islander",NA,"breast"
"Idaho",2021,"Multiple_Races",NA,"breast"
"Idaho",2021,"Overall",20.6,"breast"
"Illinois",2021,"White",20.2,"breast"
"Illinois",2021,"Black",30.9,"breast"
"Illinois",2021,"Hispanic",11,"breast"
"Illinois",2021,"American_Indian_AlaskaNative",NA,"breast"
"Illinois",2021,"Asian",11.6,"breast"
"Illinois",2021,"Native_Hawaiian_Pacific_Islander",NA,"breast"
"Illinois",2021,"Multiple_Races",NA,"breast"
"Illinois",2021,"Overall",20.1,"breast"
"Indiana",2021,"White",21,"breast"
"Indiana",2021,"Black",22.2,"breast"
"Indiana",2021,"Hispanic",NA,"breast"
"Indiana",2021,"American_Indian_AlaskaNative",NA,"breast"
"Indiana",2021,"Asian",NA,"breast"
"Indiana",2021,"Native_Hawaiian_Pacific_Islander",NA,"breast"
"Indiana",2021,"Multiple_Races",NA,"breast"
"Indiana",2021,"Overall",20.5,"breast"
"Iowa",2021,"White",18.3,"breast"
"Iowa",2021,"Black",NA,"breast"
"Iowa",2021,"Hispanic",NA,"breast"
"Iowa",2021,"American_Indian_AlaskaNative",NA,"breast"
"Iowa",2021,"Asian",NA,"breast"
"Iowa",2021,"Native_Hawaiian_Pacific_Islander",NA,"breast"
"Iowa",2021,"Multiple_Races",NA,"breast"
"Iowa",2021,"Overall",18.1,"breast"
"Kansas",2021,"White",19.9,"breast"
"Kansas",2021,"Black",26.3,"breast"
"Kansas",2021,"Hispanic",NA,"breast"
"Kansas",2021,"American_Indian_AlaskaNative",NA,"breast"
"Kansas",2021,"Asian",NA,"breast"
"Kansas",2021,"Native_Hawaiian_Pacific_Islander",NA,"breast"
"Kansas",2021,"Multiple_Races",NA,"breast"
"Kansas",2021,"Overall",20.1,"breast"
"Kentucky",2021,"White",20.7,"breast"
"Kentucky",2021,"Black",19.7,"breast"
"Kentucky",2021,"Hispanic",NA,"breast"
"Kentucky",2021,"American_Indian_AlaskaNative",NA,"breast"
"Kentucky",2021,"Asian",NA,"breast"
"Kentucky",2021,"Native_Hawaiian_Pacific_Islander",NA,"breast"
"Kentucky",2021,"Multiple_Races",NA,"breast"
"Kentucky",2021,"Overall",20.1,"breast"
"Louisiana",2021,"White",20.7,"breast"
"Louisiana",2021,"Black",25.3,"breast"
"Louisiana",2021,"Hispanic",NA,"breast"
"Louisiana",2021,"American_Indian_AlaskaNative",NA,"breast"
"Louisiana",2021,"Asian",NA,"breast"
"Louisiana",2021,"Native_Hawaiian_Pacific_Islander",NA,"breast"
"Louisiana",2021,"Multiple_Races",NA,"breast"
"Louisiana",2021,"Overall",22,"breast"
"Maine",2021,"White",15.4,"breast"
"Maine",2021,"Black",NA,"breast"
"Maine",2021,"Hispanic",NA,"breast"
"Maine",2021,"American_Indian_AlaskaNative",NA,"breast"
"Maine",2021,"Asian",NA,"breast"
"Maine",2021,"Native_Hawaiian_Pacific_Islander",NA,"breast"
"Maine",2021,"Multiple_Races",NA,"breast"
"Maine",2021,"Overall",15.2,"breast"
"Maryland",2021,"White",18.4,"breast"
"Maryland",2021,"Black",24.3,"breast"
"Maryland",2021,"Hispanic",12.9,"breast"
"Maryland",2021,"American_Indian_AlaskaNative",NA,"breast"
"Maryland",2021,"Asian",10.4,"breast"
"Maryland",2021,"Native_Hawaiian_Pacific_Islander",NA,"breast"
"Maryland",2021,"Multiple_Races",NA,"breast"
"Maryland",2021,"Overall",19.3,"breast"
"Massachusetts",2021,"White",15.5,"breast"
"Massachusetts",2021,"Black",19.2,"breast"
"Massachusetts",2021,"Hispanic",9.9,"breast"
"Massachusetts",2021,"American_Indian_AlaskaNative",NA,"breast"
"Massachusetts",2021,"Asian",NA,"breast"
"Massachusetts",2021,"Native_Hawaiian_Pacific_Islander",NA,"breast"
"Massachusetts",2021,"Multiple_Races",NA,"breast"
"Massachusetts",2021,"Overall",15.1,"breast"
"Michigan",2021,"White",20.2,"breast"
"Michigan",2021,"Black",24,"breast"
"Michigan",2021,"Hispanic",16.5,"breast"
"Michigan",2021,"American_Indian_AlaskaNative",NA,"breast"
"Michigan",2021,"Asian",14.8,"breast"
"Michigan",2021,"Native_Hawaiian_Pacific_Islander",NA,"breast"
"Michigan",2021,"Multiple_Races",NA,"breast"
"Michigan",2021,"Overall",20.3,"breast"
"Minnesota",2021,"White",18.1,"breast"
"Minnesota",2021,"Black",NA,"breast"
"Minnesota",2021,"Hispanic",NA,"breast"
"Minnesota",2021,"American_Indian_AlaskaNative",NA,"breast"
"Minnesota",2021,"Asian",NA,"breast"
"Minnesota",2021,"Native_Hawaiian_Pacific_Islander",NA,"breast"
"Minnesota",2021,"Multiple_Races",NA,"breast"
"Minnesota",2021,"Overall",17.7,"breast"
"Mississippi",2021,"White",22.4,"breast"
"Mississippi",2021,"Black",31.1,"breast"
"Mississippi",2021,"Hispanic",NA,"breast"
"Mississippi",2021,"American_Indian_AlaskaNative",NA,"breast"
"Mississippi",2021,"Asian",NA,"breast"
"Mississippi",2021,"Native_Hawaiian_Pacific_Islander",NA,"breast"
"Mississippi",2021,"Multiple_Races",NA,"breast"
"Mississippi",2021,"Overall",25,"breast"
"Missouri",2021,"White",20.3,"breast"
"Missouri",2021,"Black",30.5,"breast"
"Missouri",2021,"Hispanic",NA,"breast"
"Missouri",2021,"American_Indian_AlaskaNative",NA,"breast"
"Missouri",2021,"Asian",NA,"breast"
"Missouri",2021,"Native_Hawaiian_Pacific_Islander",NA,"breast"
"Missouri",2021,"Multiple_Races",NA,"breast"
"Missouri",2021,"Overall",20.6,"breast"
"Montana",2021,"White",17.4,"breast"
"Montana",2021,"Black",NA,"breast"
"Montana",2021,"Hispanic",NA,"breast"
"Montana",2021,"American_Indian_AlaskaNative",NA,"breast"
"Montana",2021,"Asian",NA,"breast"
"Montana",2021,"Native_Hawaiian_Pacific_Islander",NA,"breast"
"Montana",2021,"Multiple_Races",NA,"breast"
"Montana",2021,"Overall",17.4,"breast"
"Nebraska",2021,"White",21.6,"breast"
"Nebraska",2021,"Black",NA,"breast"
"Nebraska",2021,"Hispanic",NA,"breast"
"Nebraska",2021,"American_Indian_AlaskaNative",NA,"breast"
"Nebraska",2021,"Asian",NA,"breast"
"Nebraska",2021,"Native_Hawaiian_Pacific_Islander",NA,"breast"
"Nebraska",2021,"Multiple_Races",NA,"breast"
"Nebraska",2021,"Overall",20.7,"breast"
"Nevada",2021,"White",21.4,"breast"
"Nevada",2021,"Black",28.3,"breast"
"Nevada",2021,"Hispanic",13.8,"breast"
"Nevada",2021,"American_Indian_AlaskaNative",NA,"breast"
"Nevada",2021,"Asian",18.9,"breast"
"Nevada",2021,"Native_Hawaiian_Pacific_Islander",NA,"breast"
"Nevada",2021,"Multiple_Races",NA,"breast"
"Nevada",2021,"Overall",20.8,"breast"
"New Hampshire",2021,"White",18.2,"breast"
"New Hampshire",2021,"Black",NA,"breast"
"New Hampshire",2021,"Hispanic",NA,"breast"
"New Hampshire",2021,"American_Indian_AlaskaNative",NA,"breast"
"New Hampshire",2021,"Asian",NA,"breast"
"New Hampshire",2021,"Native_Hawaiian_Pacific_Islander",NA,"breast"
"New Hampshire",2021,"Multiple_Races",NA,"breast"
"New Hampshire",2021,"Overall",18,"breast"
"New Jersey",2021,"White",19.2,"breast"
"New Jersey",2021,"Black",25.6,"breast"
"New Jersey",2021,"Hispanic",12.4,"breast"
"New Jersey",2021,"American_Indian_AlaskaNative",NA,"breast"
"New Jersey",2021,"Asian",11.7,"breast"
"New Jersey",2021,"Native_Hawaiian_Pacific_Islander",NA,"breast"
"New Jersey",2021,"Multiple_Races",NA,"breast"
"New Jersey",2021,"Overall",18.6,"breast"
"New Mexico",2021,"White",21.5,"breast"
"New Mexico",2021,"Black",NA,"breast"
"New Mexico",2021,"Hispanic",17.5,"breast"
"New Mexico",2021,"American_Indian_AlaskaNative",NA,"breast"
"New Mexico",2021,"Asian",NA,"breast"
"New Mexico",2021,"Native_Hawaiian_Pacific_Islander",NA,"breast"
"New Mexico",2021,"Multiple_Races",NA,"breast"
"New Mexico",2021,"Overall",19.5,"breast"
"New York",2021,"White",17.1,"breast"
"New York",2021,"Black",22.1,"breast"
"New York",2021,"Hispanic",10.7,"breast"
"New York",2021,"American_Indian_AlaskaNative",NA,"breast"
"New York",2021,"Asian",8.8,"breast"
"New York",2021,"Native_Hawaiian_Pacific_Islander",NA,"breast"
"New York",2021,"Multiple_Races",NA,"breast"
"New York",2021,"Overall",16.4,"breast"
"North Carolina",2021,"White",20.4,"breast"
"North Carolina",2021,"Black",26,"breast"
"North Carolina",2021,"Hispanic",7.6,"breast"
"North Carolina",2021,"American_Indian_AlaskaNative",NA,"breast"
"North Carolina",2021,"Asian",NA,"breast"
"North Carolina",2021,"Native_Hawaiian_Pacific_Islander",NA,"breast"
"North Carolina",2021,"Multiple_Races",NA,"breast"
"North Carolina",2021,"Overall",20.4,"breast"
"North Dakota",2021,"White",15.8,"breast"
"North Dakota",2021,"Black",NA,"breast"
"North Dakota",2021,"Hispanic",NA,"breast"
"North Dakota",2021,"American_Indian_AlaskaNative",NA,"breast"
"North Dakota",2021,"Asian",NA,"breast"
"North Dakota",2021,"Native_Hawaiian_Pacific_Islander",NA,"breast"
"North Dakota",2021,"Multiple_Races",NA,"breast"
"North Dakota",2021,"Overall",16.2,"breast"
"Ohio",2021,"White",19.7,"breast"
"Ohio",2021,"Black",28.3,"breast"
"Ohio",2021,"Hispanic",12.3,"breast"
"Ohio",2021,"American_Indian_AlaskaNative",NA,"breast"
"Ohio",2021,"Asian",NA,"breast"
"Ohio",2021,"Native_Hawaiian_Pacific_Islander",NA,"breast"
"Ohio",2021,"Multiple_Races",NA,"breast"
"Ohio",2021,"Overall",20.3,"breast"
"Oklahoma",2021,"White",23,"breast"
"Oklahoma",2021,"Black",33.9,"breast"
"Oklahoma",2021,"Hispanic",NA,"breast"
"Oklahoma",2021,"American_Indian_AlaskaNative",19.3,"breast"
"Oklahoma",2021,"Asian",NA,"breast"
"Oklahoma",2021,"Native_Hawaiian_Pacific_Islander",NA,"breast"
"Oklahoma",2021,"Multiple_Races",NA,"breast"
"Oklahoma",2021,"Overall",22.4,"breast"
"Oregon",2021,"White",21.4,"breast"
"Oregon",2021,"Black",NA,"breast"
"Oregon",2021,"Hispanic",12.2,"breast"
"Oregon",2021,"American_Indian_AlaskaNative",NA,"breast"
"Oregon",2021,"Asian",NA,"breast"
"Oregon",2021,"Native_Hawaiian_Pacific_Islander",NA,"breast"
"Oregon",2021,"Multiple_Races",NA,"breast"
"Oregon",2021,"Overall",20.1,"breast"
"Pennsylvania",2021,"White",19.4,"breast"
"Pennsylvania",2021,"Black",26.6,"breast"
"Pennsylvania",2021,"Hispanic",12.8,"breast"
"Pennsylvania",2021,"American_Indian_AlaskaNative",NA,"breast"
"Pennsylvania",2021,"Asian",11.5,"breast"
"Pennsylvania",2021,"Native_Hawaiian_Pacific_Islander",NA,"breast"
"Pennsylvania",2021,"Multiple_Races",NA,"breast"
"Pennsylvania",2021,"Overall",19.6,"breast"
"Rhode Island",2021,"White",16.7,"breast"
"Rhode Island",2021,"Black",NA,"breast"
"Rhode Island",2021,"Hispanic",NA,"breast"
"Rhode Island",2021,"American_Indian_AlaskaNative",NA,"breast"
"Rhode Island",2021,"Asian",NA,"breast"
"Rhode Island",2021,"Native_Hawaiian_Pacific_Islander",NA,"breast"
"Rhode Island",2021,"Multiple_Races",NA,"breast"
"Rhode Island",2021,"Overall",15.6,"breast"
"South Carolina",2021,"White",19.6,"breast"
"South Carolina",2021,"Black",21.7,"breast"
"South Carolina",2021,"Hispanic",NA,"breast"
"South Carolina",2021,"American_Indian_AlaskaNative",NA,"breast"
"South Carolina",2021,"Asian",NA,"breast"
"South Carolina",2021,"Native_Hawaiian_Pacific_Islander",NA,"breast"
"South Carolina",2021,"Multiple_Races",NA,"breast"
"South Carolina",2021,"Overall",19.8,"breast"
"South Dakota",2021,"White",16.4,"breast"
"South Dakota",2021,"Black",NA,"breast"
"South Dakota",2021,"Hispanic",NA,"breast"
"South Dakota",2021,"American_Indian_AlaskaNative",NA,"breast"
"South Dakota",2021,"Asian",NA,"breast"
"South Dakota",2021,"Native_Hawaiian_Pacific_Islander",NA,"breast"
"South Dakota",2021,"Multiple_Races",NA,"breast"
"South Dakota",2021,"Overall",16.6,"breast"
"Tennessee",2021,"White",20.5,"breast"
"Tennessee",2021,"Black",28.2,"breast"
"Tennessee",2021,"Hispanic",NA,"breast"
"Tennessee",2021,"American_Indian_AlaskaNative",NA,"breast"
"Tennessee",2021,"Asian",NA,"breast"
"Tennessee",2021,"Native_Hawaiian_Pacific_Islander",NA,"breast"
"Tennessee",2021,"Multiple_Races",NA,"breast"
"Tennessee",2021,"Overall",21.4,"breast"
"Texas",2021,"White",21.3,"breast"
"Texas",2021,"Black",28.5,"breast"
"Texas",2021,"Hispanic",14.7,"breast"
"Texas",2021,"American_Indian_AlaskaNative",NA,"breast"
"Texas",2021,"Asian",10.3,"breast"
"Texas",2021,"Native_Hawaiian_Pacific_Islander",NA,"breast"
"Texas",2021,"Multiple_Races",NA,"breast"
"Texas",2021,"Overall",19.9,"breast"
"Utah",2021,"White",20.1,"breast"
"Utah",2021,"Black",NA,"breast"
"Utah",2021,"Hispanic",19.8,"breast"
"Utah",2021,"American_Indian_AlaskaNative",NA,"breast"
"Utah",2021,"Asian",NA,"breast"
"Utah",2021,"Native_Hawaiian_Pacific_Islander",NA,"breast"
"Utah",2021,"Multiple_Races",NA,"breast"
"Utah",2021,"Overall",20.3,"breast"
"Vermont",2021,"White",17,"breast"
"Vermont",2021,"Black",NA,"breast"
"Vermont",2021,"Hispanic",NA,"breast"
"Vermont",2021,"American_Indian_AlaskaNative",NA,"breast"
"Vermont",2021,"Asian",NA,"breast"
"Vermont",2021,"Native_Hawaiian_Pacific_Islander",NA,"breast"
"Vermont",2021,"Multiple_Races",NA,"breast"
"Vermont",2021,"Overall",17.1,"breast"
"Virginia",2021,"White",20.7,"breast"
"Virginia",2021,"Black",27.8,"breast"
"Virginia",2021,"Hispanic",15.5,"breast"
"Virginia",2021,"American_Indian_AlaskaNative",NA,"breast"
"Virginia",2021,"Asian",11.7,"breast"
"Virginia",2021,"Native_Hawaiian_Pacific_Islander",NA,"breast"
"Virginia",2021,"Multiple_Races",NA,"breast"
"Virginia",2021,"Overall",21.2,"breast"
"Washington",2021,"White",20.5,"breast"
"Washington",2021,"Black",19,"breast"
"Washington",2021,"Hispanic",13.8,"breast"
"Washington",2021,"American_Indian_AlaskaNative",NA,"breast"
"Washington",2021,"Asian",11.2,"breast"
"Washington",2021,"Native_Hawaiian_Pacific_Islander",NA,"breast"
"Washington",2021,"Multiple_Races",NA,"breast"
"Washington",2021,"Overall",19.3,"breast"
"West Virginia",2021,"White",22.9,"breast"
"West Virginia",2021,"Black",NA,"breast"
"West Virginia",2021,"Hispanic",NA,"breast"
"West Virginia",2021,"American_Indian_AlaskaNative",NA,"breast"
"West Virginia",2021,"Asian",NA,"breast"
"West Virginia",2021,"Native_Hawaiian_Pacific_Islander",NA,"breast"
"West Virginia",2021,"Multiple_Races",NA,"breast"
"West Virginia",2021,"Overall",22.3,"breast"
"Wisconsin",2021,"White",17.3,"breast"
"Wisconsin",2021,"Black",25.7,"breast"
"Wisconsin",2021,"Hispanic",NA,"breast"
"Wisconsin",2021,"American_Indian_AlaskaNative",NA,"breast"
"Wisconsin",2021,"Asian",NA,"breast"
"Wisconsin",2021,"Native_Hawaiian_Pacific_Islander",NA,"breast"
"Wisconsin",2021,"Multiple_Races",NA,"breast"
"Wisconsin",2021,"Overall",17.4,"breast"
"Wyoming",2021,"White",22.9,"breast"
"Wyoming",2021,"Black",NA,"breast"
"Wyoming",2021,"Hispanic",NA,"breast"
"Wyoming",2021,"American_Indian_AlaskaNative",NA,"breast"
"Wyoming",2021,"Asian",NA,"breast"
"Wyoming",2021,"Native_Hawaiian_Pacific_Islander",NA,"breast"
"Wyoming",2021,"Multiple_Races",NA,"breast"
"Wyoming",2021,"Overall",22.3,"breast"
"United States",2022,"White",19,"breast"
"United States",2022,"Black",26.1,"breast"
"United States",2022,"Hispanic",13.5,"breast"
"United States",2022,"American_Indian_AlaskaNative",14.4,"breast"
"United States",2022,"Asian",11.5,"breast"
"United States",2022,"Native_Hawaiian_Pacific_Islander",20.4,"breast"
"United States",2022,"Multiple_Races",9.3,"breast"
"United States",2022,"Overall",18.8,"breast"
"Alabama",2022,"White",18.6,"breast"
"Alabama",2022,"Black",27.7,"breast"
"Alabama",2022,"Hispanic",NA,"breast"
"Alabama",2022,"American_Indian_AlaskaNative",NA,"breast"
"Alabama",2022,"Asian",NA,"breast"
"Alabama",2022,"Native_Hawaiian_Pacific_Islander",NA,"breast"
"Alabama",2022,"Multiple_Races",NA,"breast"
"Alabama",2022,"Overall",20.4,"breast"
"Alaska",2022,"White",19.6,"breast"
"Alaska",2022,"Black",NA,"breast"
"Alaska",2022,"Hispanic",NA,"breast"
"Alaska",2022,"American_Indian_AlaskaNative",NA,"breast"
"Alaska",2022,"Asian",NA,"breast"
"Alaska",2022,"Native_Hawaiian_Pacific_Islander",NA,"breast"
"Alaska",2022,"Multiple_Races",NA,"breast"
"Alaska",2022,"Overall",16.2,"breast"
"Arizona",2022,"White",20,"breast"
"Arizona",2022,"Black",33.8,"breast"
"Arizona",2022,"Hispanic",13.2,"breast"
"Arizona",2022,"American_Indian_AlaskaNative",NA,"breast"
"Arizona",2022,"Asian",NA,"breast"
"Arizona",2022,"Native_Hawaiian_Pacific_Islander",NA,"breast"
"Arizona",2022,"Multiple_Races",NA,"breast"
"Arizona",2022,"Overall",18.9,"breast"
"Arkansas",2022,"White",21,"breast"
"Arkansas",2022,"Black",27.7,"breast"
"Arkansas",2022,"Hispanic",NA,"breast"
"Arkansas",2022,"American_Indian_AlaskaNative",NA,"breast"
"Arkansas",2022,"Asian",NA,"breast"
"Arkansas",2022,"Native_Hawaiian_Pacific_Islander",NA,"breast"
"Arkansas",2022,"Multiple_Races",NA,"breast"
"Arkansas",2022,"Overall",20.6,"breast"
"California",2022,"White",21.3,"breast"
"California",2022,"Black",30.2,"breast"
"California",2022,"Hispanic",14.9,"breast"
"California",2022,"American_Indian_AlaskaNative",21.8,"breast"
"California",2022,"Asian",13.1,"breast"
"California",2022,"Native_Hawaiian_Pacific_Islander",26.6,"breast"
"California",2022,"Multiple_Races",13.1,"breast"
"California",2022,"Overall",18.8,"breast"
"Colorado",2022,"White",19,"breast"
"Colorado",2022,"Black",24.3,"breast"
"Colorado",2022,"Hispanic",12.4,"breast"
"Colorado",2022,"American_Indian_AlaskaNative",NA,"breast"
"Colorado",2022,"Asian",NA,"breast"
"Colorado",2022,"Native_Hawaiian_Pacific_Islander",NA,"breast"
"Colorado",2022,"Multiple_Races",NA,"breast"
"Colorado",2022,"Overall",18.1,"breast"
"Connecticut",2022,"White",17.1,"breast"
"Connecticut",2022,"Black",25.2,"breast"
"Connecticut",2022,"Hispanic",NA,"breast"
"Connecticut",2022,"American_Indian_AlaskaNative",NA,"breast"
"Connecticut",2022,"Asian",NA,"breast"
"Connecticut",2022,"Native_Hawaiian_Pacific_Islander",NA,"breast"
"Connecticut",2022,"Multiple_Races",NA,"breast"
"Connecticut",2022,"Overall",16.3,"breast"
"Delaware",2022,"White",26,"breast"
"Delaware",2022,"Black",35.8,"breast"
"Delaware",2022,"Hispanic",NA,"breast"
"Delaware",2022,"American_Indian_AlaskaNative",NA,"breast"
"Delaware",2022,"Asian",NA,"breast"
"Delaware",2022,"Native_Hawaiian_Pacific_Islander",NA,"breast"
"Delaware",2022,"Multiple_Races",NA,"breast"
"Delaware",2022,"Overall",26.2,"breast"
"District of Columbia",2022,"White",NA,"breast"
"District of Columbia",2022,"Black",31.9,"breast"
"District of Columbia",2022,"Hispanic",NA,"breast"
"District of Columbia",2022,"American_Indian_AlaskaNative",NA,"breast"
"District of Columbia",2022,"Asian",NA,"breast"
"District of Columbia",2022,"Native_Hawaiian_Pacific_Islander",NA,"breast"
"District of Columbia",2022,"Multiple_Races",NA,"breast"
"District of Columbia",2022,"Overall",23.5,"breast"
"Florida",2022,"White",19.1,"breast"
"Florida",2022,"Black",23.9,"breast"
"Florida",2022,"Hispanic",14.9,"breast"
"Florida",2022,"American_Indian_AlaskaNative",NA,"breast"
"Florida",2022,"Asian",12.8,"breast"
"Florida",2022,"Native_Hawaiian_Pacific_Islander",NA,"breast"
"Florida",2022,"Multiple_Races",15.4,"breast"
"Florida",2022,"Overall",18.7,"breast"
"Georgia",2022,"White",18.8,"breast"
"Georgia",2022,"Black",25.1,"breast"
"Georgia",2022,"Hispanic",14.4,"breast"
"Georgia",2022,"American_Indian_AlaskaNative",NA,"breast"
"Georgia",2022,"Asian",13.2,"breast"
"Georgia",2022,"Native_Hawaiian_Pacific_Islander",NA,"breast"
"Georgia",2022,"Multiple_Races",NA,"breast"
"Georgia",2022,"Overall",20.2,"breast"
"Hawaii",2022,"White",21.7,"breast"
"Hawaii",2022,"Black",NA,"breast"
"Hawaii",2022,"Hispanic",NA,"breast"
"Hawaii",2022,"American_Indian_AlaskaNative",NA,"breast"
"Hawaii",2022,"Asian",13.5,"breast"
"Hawaii",2022,"Native_Hawaiian_Pacific_Islander",NA,"breast"
"Hawaii",2022,"Multiple_Races",33,"breast"
"Hawaii",2022,"Overall",18.7,"breast"
"Idaho",2022,"White",21.7,"breast"
"Idaho",2022,"Black",NA,"breast"
"Idaho",2022,"Hispanic",NA,"breast"
"Idaho",2022,"American_Indian_AlaskaNative",NA,"breast"
"Idaho",2022,"Asian",NA,"breast"
"Idaho",2022,"Native_Hawaiian_Pacific_Islander",NA,"breast"
"Idaho",2022,"Multiple_Races",NA,"breast"
"Idaho",2022,"Overall",20.5,"breast"
"Illinois",2022,"White",20.1,"breast"
"Illinois",2022,"Black",27.8,"breast"
"Illinois",2022,"Hispanic",10.8,"breast"
"Illinois",2022,"American_Indian_AlaskaNative",NA,"breast"
"Illinois",2022,"Asian",10.9,"breast"
"Illinois",2022,"Native_Hawaiian_Pacific_Islander",NA,"breast"
"Illinois",2022,"Multiple_Races",NA,"breast"
"Illinois",2022,"Overall",19.6,"breast"
"Indiana",2022,"White",20.6,"breast"
"Indiana",2022,"Black",26,"breast"
"Indiana",2022,"Hispanic",15.1,"breast"
"Indiana",2022,"American_Indian_AlaskaNative",NA,"breast"
"Indiana",2022,"Asian",NA,"breast"
"Indiana",2022,"Native_Hawaiian_Pacific_Islander",NA,"breast"
"Indiana",2022,"Multiple_Races",NA,"breast"
"Indiana",2022,"Overall",20.5,"breast"
"Iowa",2022,"White",17.6,"breast"
"Iowa",2022,"Black",NA,"breast"
"Iowa",2022,"Hispanic",NA,"breast"
"Iowa",2022,"American_Indian_AlaskaNative",NA,"breast"
"Iowa",2022,"Asian",NA,"breast"
"Iowa",2022,"Native_Hawaiian_Pacific_Islander",NA,"breast"
"Iowa",2022,"Multiple_Races",NA,"breast"
"Iowa",2022,"Overall",17.5,"breast"
"Kansas",2022,"White",19.5,"breast"
"Kansas",2022,"Black",30.9,"breast"
"Kansas",2022,"Hispanic",NA,"breast"
"Kansas",2022,"American_Indian_AlaskaNative",NA,"breast"
"Kansas",2022,"Asian",NA,"breast"
"Kansas",2022,"Native_Hawaiian_Pacific_Islander",NA,"breast"
"Kansas",2022,"Multiple_Races",NA,"breast"
"Kansas",2022,"Overall",19.5,"breast"
"Kentucky",2022,"White",21.5,"breast"
"Kentucky",2022,"Black",25.5,"breast"
"Kentucky",2022,"Hispanic",NA,"breast"
"Kentucky",2022,"American_Indian_AlaskaNative",NA,"breast"
"Kentucky",2022,"Asian",NA,"breast"
"Kentucky",2022,"Native_Hawaiian_Pacific_Islander",NA,"breast"
"Kentucky",2022,"Multiple_Races",NA,"breast"
"Kentucky",2022,"Overall",21.6,"breast"
"Louisiana",2022,"White",19,"breast"
"Louisiana",2022,"Black",29.6,"breast"
"Louisiana",2022,"Hispanic",NA,"breast"
"Louisiana",2022,"American_Indian_AlaskaNative",NA,"breast"
"Louisiana",2022,"Asian",NA,"breast"
"Louisiana",2022,"Native_Hawaiian_Pacific_Islander",NA,"breast"
"Louisiana",2022,"Multiple_Races",NA,"breast"
"Louisiana",2022,"Overall",21.4,"breast"
"Maine",2022,"White",18,"breast"
"Maine",2022,"Black",NA,"breast"
"Maine",2022,"Hispanic",NA,"breast"
"Maine",2022,"American_Indian_AlaskaNative",NA,"breast"
"Maine",2022,"Asian",NA,"breast"
"Maine",2022,"Native_Hawaiian_Pacific_Islander",NA,"breast"
"Maine",2022,"Multiple_Races",NA,"breast"
"Maine",2022,"Overall",17.8,"breast"
"Maryland",2022,"White",17.7,"breast"
"Maryland",2022,"Black",26,"breast"
"Maryland",2022,"Hispanic",11.2,"breast"
"Maryland",2022,"American_Indian_AlaskaNative",NA,"breast"
"Maryland",2022,"Asian",12,"breast"
"Maryland",2022,"Native_Hawaiian_Pacific_Islander",NA,"breast"
"Maryland",2022,"Multiple_Races",NA,"breast"
"Maryland",2022,"Overall",19.3,"breast"
"Massachusetts",2022,"White",14.7,"breast"
"Massachusetts",2022,"Black",18.8,"breast"
"Massachusetts",2022,"Hispanic",9.3,"breast"
"Massachusetts",2022,"American_Indian_AlaskaNative",NA,"breast"
"Massachusetts",2022,"Asian",NA,"breast"
"Massachusetts",2022,"Native_Hawaiian_Pacific_Islander",NA,"breast"
"Massachusetts",2022,"Multiple_Races",NA,"breast"
"Massachusetts",2022,"Overall",14.2,"breast"
"Michigan",2022,"White",18.7,"breast"
"Michigan",2022,"Black",27.8,"breast"
"Michigan",2022,"Hispanic",14.7,"breast"
"Michigan",2022,"American_Indian_AlaskaNative",NA,"breast"
"Michigan",2022,"Asian",NA,"breast"
"Michigan",2022,"Native_Hawaiian_Pacific_Islander",NA,"breast"
"Michigan",2022,"Multiple_Races",NA,"breast"
"Michigan",2022,"Overall",19.6,"breast"
"Minnesota",2022,"White",15.4,"breast"
"Minnesota",2022,"Black",21.6,"breast"
"Minnesota",2022,"Hispanic",NA,"breast"
"Minnesota",2022,"American_Indian_AlaskaNative",NA,"breast"
"Minnesota",2022,"Asian",NA,"breast"
"Minnesota",2022,"Native_Hawaiian_Pacific_Islander",NA,"breast"
"Minnesota",2022,"Multiple_Races",NA,"breast"
"Minnesota",2022,"Overall",15.7,"breast"
"Mississippi",2022,"White",19.9,"breast"
"Mississippi",2022,"Black",29.6,"breast"
"Mississippi",2022,"Hispanic",NA,"breast"
"Mississippi",2022,"American_Indian_AlaskaNative",NA,"breast"
"Mississippi",2022,"Asian",NA,"breast"
"Mississippi",2022,"Native_Hawaiian_Pacific_Islander",NA,"breast"
"Mississippi",2022,"Multiple_Races",NA,"breast"
"Mississippi",2022,"Overall",23.1,"breast"
"Missouri",2022,"White",20.4,"breast"
"Missouri",2022,"Black",31.6,"breast"
"Missouri",2022,"Hispanic",NA,"breast"
"Missouri",2022,"American_Indian_AlaskaNative",NA,"breast"
"Missouri",2022,"Asian",NA,"breast"
"Missouri",2022,"Native_Hawaiian_Pacific_Islander",NA,"breast"
"Missouri",2022,"Multiple_Races",NA,"breast"
"Missouri",2022,"Overall",21.2,"breast"
"Montana",2022,"White",16.9,"breast"
"Montana",2022,"Black",NA,"breast"
"Montana",2022,"Hispanic",NA,"breast"
"Montana",2022,"American_Indian_AlaskaNative",NA,"breast"
"Montana",2022,"Asian",NA,"breast"
"Montana",2022,"Native_Hawaiian_Pacific_Islander",NA,"breast"
"Montana",2022,"Multiple_Races",NA,"breast"
"Montana",2022,"Overall",16.8,"breast"
"Nebraska",2022,"White",14.7,"breast"
"Nebraska",2022,"Black",NA,"breast"
"Nebraska",2022,"Hispanic",NA,"breast"
"Nebraska",2022,"American_Indian_AlaskaNative",NA,"breast"
"Nebraska",2022,"Asian",NA,"breast"
"Nebraska",2022,"Native_Hawaiian_Pacific_Islander",NA,"breast"
"Nebraska",2022,"Multiple_Races",NA,"breast"
"Nebraska",2022,"Overall",14.9,"breast"
"Nevada",2022,"White",22.9,"breast"
"Nevada",2022,"Black",33.4,"breast"
"Nevada",2022,"Hispanic",11.3,"breast"
"Nevada",2022,"American_Indian_AlaskaNative",NA,"breast"
"Nevada",2022,"Asian",16.9,"breast"
"Nevada",2022,"Native_Hawaiian_Pacific_Islander",NA,"breast"
"Nevada",2022,"Multiple_Races",NA,"breast"
"Nevada",2022,"Overall",21,"breast"
"New Hampshire",2022,"White",16.1,"breast"
"New Hampshire",2022,"Black",NA,"breast"
"New Hampshire",2022,"Hispanic",NA,"breast"
"New Hampshire",2022,"American_Indian_AlaskaNative",NA,"breast"
"New Hampshire",2022,"Asian",NA,"breast"
"New Hampshire",2022,"Native_Hawaiian_Pacific_Islander",NA,"breast"
"New Hampshire",2022,"Multiple_Races",NA,"breast"
"New Hampshire",2022,"Overall",15.5,"breast"
"New Jersey",2022,"White",19.6,"breast"
"New Jersey",2022,"Black",24.7,"breast"
"New Jersey",2022,"Hispanic",13,"breast"
"New Jersey",2022,"American_Indian_AlaskaNative",NA,"breast"
"New Jersey",2022,"Asian",7.6,"breast"
"New Jersey",2022,"Native_Hawaiian_Pacific_Islander",NA,"breast"
"New Jersey",2022,"Multiple_Races",NA,"breast"
"New Jersey",2022,"Overall",18.3,"breast"
"New Mexico",2022,"White",20.1,"breast"
"New Mexico",2022,"Black",NA,"breast"
"New Mexico",2022,"Hispanic",16.6,"breast"
"New Mexico",2022,"American_Indian_AlaskaNative",NA,"breast"
"New Mexico",2022,"Asian",NA,"breast"
"New Mexico",2022,"Native_Hawaiian_Pacific_Islander",NA,"breast"
"New Mexico",2022,"Multiple_Races",NA,"breast"
"New Mexico",2022,"Overall",17.9,"breast"
"New York",2022,"White",16.3,"breast"
"New York",2022,"Black",21.1,"breast"
"New York",2022,"Hispanic",9.7,"breast"
"New York",2022,"American_Indian_AlaskaNative",NA,"breast"
"New York",2022,"Asian",9.9,"breast"
"New York",2022,"Native_Hawaiian_Pacific_Islander",NA,"breast"
"New York",2022,"Multiple_Races",NA,"breast"
"New York",2022,"Overall",15.7,"breast"
"North Carolina",2022,"White",17.8,"breast"
"North Carolina",2022,"Black",26.8,"breast"
"North Carolina",2022,"Hispanic",9.8,"breast"
"North Carolina",2022,"American_Indian_AlaskaNative",NA,"breast"
"North Carolina",2022,"Asian",NA,"breast"
"North Carolina",2022,"Native_Hawaiian_Pacific_Islander",NA,"breast"
"North Carolina",2022,"Multiple_Races",NA,"breast"
"North Carolina",2022,"Overall",19,"breast"
"North Dakota",2022,"White",17.4,"breast"
"North Dakota",2022,"Black",NA,"breast"
"North Dakota",2022,"Hispanic",NA,"breast"
"North Dakota",2022,"American_Indian_AlaskaNative",NA,"breast"
"North Dakota",2022,"Asian",NA,"breast"
"North Dakota",2022,"Native_Hawaiian_Pacific_Islander",NA,"breast"
"North Dakota",2022,"Multiple_Races",NA,"breast"
"North Dakota",2022,"Overall",16.5,"breast"
"Ohio",2022,"White",18.4,"breast"
"Ohio",2022,"Black",24.2,"breast"
"Ohio",2022,"Hispanic",NA,"breast"
"Ohio",2022,"American_Indian_AlaskaNative",NA,"breast"
"Ohio",2022,"Asian",NA,"breast"
"Ohio",2022,"Native_Hawaiian_Pacific_Islander",NA,"breast"
"Ohio",2022,"Multiple_Races",NA,"breast"
"Ohio",2022,"Overall",18.5,"breast"
"Oklahoma",2022,"White",21.3,"breast"
"Oklahoma",2022,"Black",27.1,"breast"
"Oklahoma",2022,"Hispanic",NA,"breast"
"Oklahoma",2022,"American_Indian_AlaskaNative",24,"breast"
"Oklahoma",2022,"Asian",NA,"breast"
"Oklahoma",2022,"Native_Hawaiian_Pacific_Islander",NA,"breast"
"Oklahoma",2022,"Multiple_Races",NA,"breast"
"Oklahoma",2022,"Overall",20.7,"breast"
"Oregon",2022,"White",20,"breast"
"Oregon",2022,"Black",NA,"breast"
"Oregon",2022,"Hispanic",11,"breast"
"Oregon",2022,"American_Indian_AlaskaNative",NA,"breast"
"Oregon",2022,"Asian",NA,"breast"
"Oregon",2022,"Native_Hawaiian_Pacific_Islander",NA,"breast"
"Oregon",2022,"Multiple_Races",NA,"breast"
"Oregon",2022,"Overall",18.6,"breast"
"Pennsylvania",2022,"White",19.3,"breast"
"Pennsylvania",2022,"Black",26.2,"breast"
"Pennsylvania",2022,"Hispanic",12.7,"breast"
"Pennsylvania",2022,"American_Indian_AlaskaNative",NA,"breast"
"Pennsylvania",2022,"Asian",9.8,"breast"
"Pennsylvania",2022,"Native_Hawaiian_Pacific_Islander",NA,"breast"
"Pennsylvania",2022,"Multiple_Races",NA,"breast"
"Pennsylvania",2022,"Overall",19.4,"breast"
"Rhode Island",2022,"White",14.9,"breast"
"Rhode Island",2022,"Black",NA,"breast"
"Rhode Island",2022,"Hispanic",NA,"breast"
"Rhode Island",2022,"American_Indian_AlaskaNative",NA,"breast"
"Rhode Island",2022,"Asian",NA,"breast"
"Rhode Island",2022,"Native_Hawaiian_Pacific_Islander",NA,"breast"
"Rhode Island",2022,"Multiple_Races",NA,"breast"
"Rhode Island",2022,"Overall",14.7,"breast"
"South Carolina",2022,"White",20.1,"breast"
"South Carolina",2022,"Black",25.5,"breast"
"South Carolina",2022,"Hispanic",NA,"breast"
"South Carolina",2022,"American_Indian_AlaskaNative",NA,"breast"
"South Carolina",2022,"Asian",NA,"breast"
"South Carolina",2022,"Native_Hawaiian_Pacific_Islander",NA,"breast"
"South Carolina",2022,"Multiple_Races",NA,"breast"
"South Carolina",2022,"Overall",20.8,"breast"
"South Dakota",2022,"White",16.6,"breast"
"South Dakota",2022,"Black",NA,"breast"
"South Dakota",2022,"Hispanic",NA,"breast"
"South Dakota",2022,"American_Indian_AlaskaNative",NA,"breast"
"South Dakota",2022,"Asian",NA,"breast"
"South Dakota",2022,"Native_Hawaiian_Pacific_Islander",NA,"breast"
"South Dakota",2022,"Multiple_Races",NA,"breast"
"South Dakota",2022,"Overall",17.2,"breast"
"Tennessee",2022,"White",21.2,"breast"
"Tennessee",2022,"Black",26.9,"breast"
"Tennessee",2022,"Hispanic",NA,"breast"
"Tennessee",2022,"American_Indian_AlaskaNative",NA,"breast"
"Tennessee",2022,"Asian",NA,"breast"
"Tennessee",2022,"Native_Hawaiian_Pacific_Islander",NA,"breast"
"Tennessee",2022,"Multiple_Races",NA,"breast"
"Tennessee",2022,"Overall",21.2,"breast"
"Texas",2022,"White",20.5,"breast"
"Texas",2022,"Black",26.9,"breast"
"Texas",2022,"Hispanic",14.8,"breast"
"Texas",2022,"American_Indian_AlaskaNative",NA,"breast"
"Texas",2022,"Asian",10.2,"breast"
"Texas",2022,"Native_Hawaiian_Pacific_Islander",NA,"breast"
"Texas",2022,"Multiple_Races",NA,"breast"
"Texas",2022,"Overall",18.9,"breast"
"Utah",2022,"White",22.2,"breast"
"Utah",2022,"Black",NA,"breast"
"Utah",2022,"Hispanic",NA,"breast"
"Utah",2022,"American_Indian_AlaskaNative",NA,"breast"
"Utah",2022,"Asian",NA,"breast"
"Utah",2022,"Native_Hawaiian_Pacific_Islander",NA,"breast"
"Utah",2022,"Multiple_Races",NA,"breast"
"Utah",2022,"Overall",20.6,"breast"
"Vermont",2022,"White",18.7,"breast"
"Vermont",2022,"Black",NA,"breast"
"Vermont",2022,"Hispanic",NA,"breast"
"Vermont",2022,"American_Indian_AlaskaNative",NA,"breast"
"Vermont",2022,"Asian",NA,"breast"
"Vermont",2022,"Native_Hawaiian_Pacific_Islander",NA,"breast"
"Vermont",2022,"Multiple_Races",NA,"breast"
"Vermont",2022,"Overall",17.7,"breast"
"Virginia",2022,"White",19.1,"breast"
"Virginia",2022,"Black",25.3,"breast"
"Virginia",2022,"Hispanic",13.4,"breast"
"Virginia",2022,"American_Indian_AlaskaNative",NA,"breast"
"Virginia",2022,"Asian",13,"breast"
"Virginia",2022,"Native_Hawaiian_Pacific_Islander",NA,"breast"
"Virginia",2022,"Multiple_Races",NA,"breast"
"Virginia",2022,"Overall",19.4,"breast"
"Washington",2022,"White",17.3,"breast"
"Washington",2022,"Black",21.5,"breast"
"Washington",2022,"Hispanic",12.8,"breast"
"Washington",2022,"American_Indian_AlaskaNative",NA,"breast"
"Washington",2022,"Asian",10.3,"breast"
"Washington",2022,"Native_Hawaiian_Pacific_Islander",NA,"breast"
"Washington",2022,"Multiple_Races",NA,"breast"
"Washington",2022,"Overall",16.8,"breast"
"West Virginia",2022,"White",21.2,"breast"
"West Virginia",2022,"Black",NA,"breast"
"West Virginia",2022,"Hispanic",NA,"breast"
"West Virginia",2022,"American_Indian_AlaskaNative",NA,"breast"
"West Virginia",2022,"Asian",NA,"breast"
"West Virginia",2022,"Native_Hawaiian_Pacific_Islander",NA,"breast"
"West Virginia",2022,"Multiple_Races",NA,"breast"
"West Virginia",2022,"Overall",20.9,"breast"
"Wisconsin",2022,"White",17.1,"breast"
"Wisconsin",2022,"Black",25.4,"breast"
"Wisconsin",2022,"Hispanic",NA,"breast"
"Wisconsin",2022,"American_Indian_AlaskaNative",NA,"breast"
"Wisconsin",2022,"Asian",NA,"breast"
"Wisconsin",2022,"Native_Hawaiian_Pacific_Islander",NA,"breast"
"Wisconsin",2022,"Multiple_Races",NA,"breast"
"Wisconsin",2022,"Overall",17.4,"breast"
"Wyoming",2022,"White",20.5,"breast"
"Wyoming",2022,"Black",NA,"breast"
"Wyoming",2022,"Hispanic",NA,"breast"
"Wyoming",2022,"American_Indian_AlaskaNative",NA,"breast"
"Wyoming",2022,"Asian",NA,"breast"
"Wyoming",2022,"Native_Hawaiian_Pacific_Islander",NA,"breast"
"Wyoming",2022,"Multiple_Races",NA,"breast"
"Wyoming",2022,"Overall",20.4,"breast"
"United States",2023,"White",18.9,"breast"
"United States",2023,"Black",26.2,"breast"
"United States",2023,"Hispanic",13.4,"breast"
"United States",2023,"American_Indian_AlaskaNative",14.1,"breast"
"United States",2023,"Asian",11.3,"breast"
"United States",2023,"Native_Hawaiian_Pacific_Islander",24.8,"breast"
"United States",2023,"Multiple_Races",10.3,"breast"
"United States",2023,"Overall",18.7,"breast"
"Alabama",2023,"White",20.3,"breast"
"Alabama",2023,"Black",26.1,"breast"
"Alabama",2023,"Hispanic",NA,"breast"
"Alabama",2023,"American_Indian_AlaskaNative",NA,"breast"
"Alabama",2023,"Asian",NA,"breast"
"Alabama",2023,"Native_Hawaiian_Pacific_Islander",NA,"breast"
"Alabama",2023,"Multiple_Races",NA,"breast"
"Alabama",2023,"Overall",21.1,"breast"
"Alaska",2023,"White",16,"breast"
"Alaska",2023,"Black",NA,"breast"
"Alaska",2023,"Hispanic",NA,"breast"
"Alaska",2023,"American_Indian_AlaskaNative",NA,"breast"
"Alaska",2023,"Asian",NA,"breast"
"Alaska",2023,"Native_Hawaiian_Pacific_Islander",NA,"breast"
"Alaska",2023,"Multiple_Races",NA,"breast"
"Alaska",2023,"Overall",17.1,"breast"
"Arizona",2023,"White",17.9,"breast"
"Arizona",2023,"Black",18.7,"breast"
"Arizona",2023,"Hispanic",16.9,"breast"
"Arizona",2023,"American_Indian_AlaskaNative",14.6,"breast"
"Arizona",2023,"Asian",NA,"breast"
"Arizona",2023,"Native_Hawaiian_Pacific_Islander",NA,"breast"
"Arizona",2023,"Multiple_Races",NA,"breast"
"Arizona",2023,"Overall",17.6,"breast"
"Arkansas",2023,"White",18.4,"breast"
"Arkansas",2023,"Black",25.7,"breast"
"Arkansas",2023,"Hispanic",NA,"breast"
"Arkansas",2023,"American_Indian_AlaskaNative",NA,"breast"
"Arkansas",2023,"Asian",NA,"breast"
"Arkansas",2023,"Native_Hawaiian_Pacific_Islander",NA,"breast"
"Arkansas",2023,"Multiple_Races",NA,"breast"
"Arkansas",2023,"Overall",18.9,"breast"
"California",2023,"White",20.7,"breast"
"California",2023,"Black",27.4,"breast"
"California",2023,"Hispanic",14.6,"breast"
"California",2023,"American_Indian_AlaskaNative",NA,"breast"
"California",2023,"Asian",13.2,"breast"
"California",2023,"Native_Hawaiian_Pacific_Islander",29.6,"breast"
"California",2023,"Multiple_Races",11.4,"breast"
"California",2023,"Overall",18.1,"breast"
"Colorado",2023,"White",19.1,"breast"
"Colorado",2023,"Black",22.6,"breast"
"Colorado",2023,"Hispanic",15.5,"breast"
"Colorado",2023,"American_Indian_AlaskaNative",NA,"breast"
"Colorado",2023,"Asian",NA,"breast"
"Colorado",2023,"Native_Hawaiian_Pacific_Islander",NA,"breast"
"Colorado",2023,"Multiple_Races",NA,"breast"
"Colorado",2023,"Overall",18.9,"breast"
"Connecticut",2023,"White",15.6,"breast"
"Connecticut",2023,"Black",29.1,"breast"
"Connecticut",2023,"Hispanic",10.7,"breast"
"Connecticut",2023,"American_Indian_AlaskaNative",NA,"breast"
"Connecticut",2023,"Asian",NA,"breast"
"Connecticut",2023,"Native_Hawaiian_Pacific_Islander",NA,"breast"
"Connecticut",2023,"Multiple_Races",NA,"breast"
"Connecticut",2023,"Overall",16.4,"breast"
"Delaware",2023,"White",19.2,"breast"
"Delaware",2023,"Black",29,"breast"
"Delaware",2023,"Hispanic",NA,"breast"
"Delaware",2023,"American_Indian_AlaskaNative",NA,"breast"
"Delaware",2023,"Asian",NA,"breast"
"Delaware",2023,"Native_Hawaiian_Pacific_Islander",NA,"breast"
"Delaware",2023,"Multiple_Races",NA,"breast"
"Delaware",2023,"Overall",20.8,"breast"
"District of Columbia",2023,"White",NA,"breast"
"District of Columbia",2023,"Black",32.7,"breast"
"District of Columbia",2023,"Hispanic",NA,"breast"
"District of Columbia",2023,"American_Indian_AlaskaNative",NA,"breast"
"District of Columbia",2023,"Asian",NA,"breast"
"District of Columbia",2023,"Native_Hawaiian_Pacific_Islander",NA,"breast"
"District of Columbia",2023,"Multiple_Races",NA,"breast"
"District of Columbia",2023,"Overall",24.4,"breast"
"Florida",2023,"White",18.6,"breast"
"Florida",2023,"Black",26.3,"breast"
"Florida",2023,"Hispanic",14,"breast"
"Florida",2023,"American_Indian_AlaskaNative",NA,"breast"
"Florida",2023,"Asian",10.9,"breast"
"Florida",2023,"Native_Hawaiian_Pacific_Islander",NA,"breast"
"Florida",2023,"Multiple_Races",NA,"breast"
"Florida",2023,"Overall",18.3,"breast"
"Georgia",2023,"White",20.3,"breast"
"Georgia",2023,"Black",26.1,"breast"
"Georgia",2023,"Hispanic",11.3,"breast"
"Georgia",2023,"American_Indian_AlaskaNative",NA,"breast"
"Georgia",2023,"Asian",10.5,"breast"
"Georgia",2023,"Native_Hawaiian_Pacific_Islander",NA,"breast"
"Georgia",2023,"Multiple_Races",NA,"breast"
"Georgia",2023,"Overall",21.1,"breast"
"Hawaii",2023,"White",20.4,"breast"
"Hawaii",2023,"Black",NA,"breast"
"Hawaii",2023,"Hispanic",NA,"breast"
"Hawaii",2023,"American_Indian_AlaskaNative",NA,"breast"
"Hawaii",2023,"Asian",11.9,"breast"
"Hawaii",2023,"Native_Hawaiian_Pacific_Islander",NA,"breast"
"Hawaii",2023,"Multiple_Races",22.5,"breast"
"Hawaii",2023,"Overall",16.3,"breast"
"Idaho",2023,"White",18.3,"breast"
"Idaho",2023,"Black",NA,"breast"
"Idaho",2023,"Hispanic",NA,"breast"
"Idaho",2023,"American_Indian_AlaskaNative",NA,"breast"
"Idaho",2023,"Asian",NA,"breast"
"Idaho",2023,"Native_Hawaiian_Pacific_Islander",NA,"breast"
"Idaho",2023,"Multiple_Races",NA,"breast"
"Idaho",2023,"Overall",17.9,"breast"
"Illinois",2023,"White",17.8,"breast"
"Illinois",2023,"Black",27,"breast"
"Illinois",2023,"Hispanic",8.9,"breast"
"Illinois",2023,"American_Indian_AlaskaNative",NA,"breast"
"Illinois",2023,"Asian",10.4,"breast"
"Illinois",2023,"Native_Hawaiian_Pacific_Islander",NA,"breast"
"Illinois",2023,"Multiple_Races",NA,"breast"
"Illinois",2023,"Overall",17.6,"breast"
"Indiana",2023,"White",20.3,"breast"
"Indiana",2023,"Black",25.7,"breast"
"Indiana",2023,"Hispanic",NA,"breast"
"Indiana",2023,"American_Indian_AlaskaNative",NA,"breast"
"Indiana",2023,"Asian",NA,"breast"
"Indiana",2023,"Native_Hawaiian_Pacific_Islander",NA,"breast"
"Indiana",2023,"Multiple_Races",NA,"breast"
"Indiana",2023,"Overall",20.1,"breast"
"Iowa",2023,"White",16.2,"breast"
"Iowa",2023,"Black",NA,"breast"
"Iowa",2023,"Hispanic",NA,"breast"
"Iowa",2023,"American_Indian_AlaskaNative",NA,"breast"
"Iowa",2023,"Asian",NA,"breast"
"Iowa",2023,"Native_Hawaiian_Pacific_Islander",NA,"breast"
"Iowa",2023,"Multiple_Races",NA,"breast"
"Iowa",2023,"Overall",16.2,"breast"
"Kansas",2023,"White",18.9,"breast"
"Kansas",2023,"Black",NA,"breast"
"Kansas",2023,"Hispanic",NA,"breast"
"Kansas",2023,"American_Indian_AlaskaNative",NA,"breast"
"Kansas",2023,"Asian",NA,"breast"
"Kansas",2023,"Native_Hawaiian_Pacific_Islander",NA,"breast"
"Kansas",2023,"Multiple_Races",NA,"breast"
"Kansas",2023,"Overall",18.8,"breast"
"Kentucky",2023,"White",20.9,"breast"
"Kentucky",2023,"Black",24.4,"breast"
"Kentucky",2023,"Hispanic",NA,"breast"
"Kentucky",2023,"American_Indian_AlaskaNative",NA,"breast"
"Kentucky",2023,"Asian",NA,"breast"
"Kentucky",2023,"Native_Hawaiian_Pacific_Islander",NA,"breast"
"Kentucky",2023,"Multiple_Races",NA,"breast"
"Kentucky",2023,"Overall",20.8,"breast"
"Louisiana",2023,"White",18.5,"breast"
"Louisiana",2023,"Black",27.3,"breast"
"Louisiana",2023,"Hispanic",NA,"breast"
"Louisiana",2023,"American_Indian_AlaskaNative",NA,"breast"
"Louisiana",2023,"Asian",NA,"breast"
"Louisiana",2023,"Native_Hawaiian_Pacific_Islander",NA,"breast"
"Louisiana",2023,"Multiple_Races",NA,"breast"
"Louisiana",2023,"Overall",20.4,"breast"
"Maine",2023,"White",18.8,"breast"
"Maine",2023,"Black",NA,"breast"
"Maine",2023,"Hispanic",NA,"breast"
"Maine",2023,"American_Indian_AlaskaNative",NA,"breast"
"Maine",2023,"Asian",NA,"breast"
"Maine",2023,"Native_Hawaiian_Pacific_Islander",NA,"breast"
"Maine",2023,"Multiple_Races",NA,"breast"
"Maine",2023,"Overall",18.1,"breast"
"Maryland",2023,"White",16.7,"breast"
"Maryland",2023,"Black",25.7,"breast"
"Maryland",2023,"Hispanic",9.6,"breast"
"Maryland",2023,"American_Indian_AlaskaNative",NA,"breast"
"Maryland",2023,"Asian",NA,"breast"
"Maryland",2023,"Native_Hawaiian_Pacific_Islander",NA,"breast"
"Maryland",2023,"Multiple_Races",NA,"breast"
"Maryland",2023,"Overall",18.5,"breast"
"Massachusetts",2023,"White",15.8,"breast"
"Massachusetts",2023,"Black",26.1,"breast"
"Massachusetts",2023,"Hispanic",8.5,"breast"
"Massachusetts",2023,"American_Indian_AlaskaNative",NA,"breast"
"Massachusetts",2023,"Asian",10,"breast"
"Massachusetts",2023,"Native_Hawaiian_Pacific_Islander",NA,"breast"
"Massachusetts",2023,"Multiple_Races",NA,"breast"
"Massachusetts",2023,"Overall",15.5,"breast"
"Michigan",2023,"White",17.6,"breast"
"Michigan",2023,"Black",26.1,"breast"
"Michigan",2023,"Hispanic",10.3,"breast"
"Michigan",2023,"American_Indian_AlaskaNative",NA,"breast"
"Michigan",2023,"Asian",NA,"breast"
"Michigan",2023,"Native_Hawaiian_Pacific_Islander",NA,"breast"
"Michigan",2023,"Multiple_Races",NA,"breast"
"Michigan",2023,"Overall",18.1,"breast"
"Minnesota",2023,"White",17.9,"breast"
"Minnesota",2023,"Black",24.3,"breast"
"Minnesota",2023,"Hispanic",NA,"breast"
"Minnesota",2023,"American_Indian_AlaskaNative",NA,"breast"
"Minnesota",2023,"Asian",NA,"breast"
"Minnesota",2023,"Native_Hawaiian_Pacific_Islander",NA,"breast"
"Minnesota",2023,"Multiple_Races",NA,"breast"
"Minnesota",2023,"Overall",17.4,"breast"
"Mississippi",2023,"White",19.8,"breast"
"Mississippi",2023,"Black",26.8,"breast"
"Mississippi",2023,"Hispanic",NA,"breast"
"Mississippi",2023,"American_Indian_AlaskaNative",NA,"breast"
"Mississippi",2023,"Asian",NA,"breast"
"Mississippi",2023,"Native_Hawaiian_Pacific_Islander",NA,"breast"
"Mississippi",2023,"Multiple_Races",NA,"breast"
"Mississippi",2023,"Overall",22,"breast"
"Missouri",2023,"White",19.7,"breast"
"Missouri",2023,"Black",28.9,"breast"
"Missouri",2023,"Hispanic",NA,"breast"
"Missouri",2023,"American_Indian_AlaskaNative",NA,"breast"
"Missouri",2023,"Asian",NA,"breast"
"Missouri",2023,"Native_Hawaiian_Pacific_Islander",NA,"breast"
"Missouri",2023,"Multiple_Races",NA,"breast"
"Missouri",2023,"Overall",20,"breast"
"Montana",2023,"White",19.3,"breast"
"Montana",2023,"Black",NA,"breast"
"Montana",2023,"Hispanic",NA,"breast"
"Montana",2023,"American_Indian_AlaskaNative",NA,"breast"
"Montana",2023,"Asian",NA,"breast"
"Montana",2023,"Native_Hawaiian_Pacific_Islander",NA,"breast"
"Montana",2023,"Multiple_Races",NA,"breast"
"Montana",2023,"Overall",19,"breast"
"Nebraska",2023,"White",21.4,"breast"
"Nebraska",2023,"Black",NA,"breast"
"Nebraska",2023,"Hispanic",NA,"breast"
"Nebraska",2023,"American_Indian_AlaskaNative",NA,"breast"
"Nebraska",2023,"Asian",NA,"breast"
"Nebraska",2023,"Native_Hawaiian_Pacific_Islander",NA,"breast"
"Nebraska",2023,"Multiple_Races",NA,"breast"
"Nebraska",2023,"Overall",20.9,"breast"
"Nevada",2023,"White",21.2,"breast"
"Nevada",2023,"Black",24.9,"breast"
"Nevada",2023,"Hispanic",11.6,"breast"
"Nevada",2023,"American_Indian_AlaskaNative",NA,"breast"
"Nevada",2023,"Asian",17.4,"breast"
"Nevada",2023,"Native_Hawaiian_Pacific_Islander",NA,"breast"
"Nevada",2023,"Multiple_Races",NA,"breast"
"Nevada",2023,"Overall",19.6,"breast"
"New Hampshire",2023,"White",18.6,"breast"
"New Hampshire",2023,"Black",NA,"breast"
"New Hampshire",2023,"Hispanic",NA,"breast"
"New Hampshire",2023,"American_Indian_AlaskaNative",NA,"breast"
"New Hampshire",2023,"Asian",NA,"breast"
"New Hampshire",2023,"Native_Hawaiian_Pacific_Islander",NA,"breast"
"New Hampshire",2023,"Multiple_Races",NA,"breast"
"New Hampshire",2023,"Overall",18.1,"breast"
"New Jersey",2023,"White",18.9,"breast"
"New Jersey",2023,"Black",28.6,"breast"
"New Jersey",2023,"Hispanic",11.2,"breast"
"New Jersey",2023,"American_Indian_AlaskaNative",NA,"breast"
"New Jersey",2023,"Asian",11.3,"breast"
"New Jersey",2023,"Native_Hawaiian_Pacific_Islander",NA,"breast"
"New Jersey",2023,"Multiple_Races",NA,"breast"
"New Jersey",2023,"Overall",18.5,"breast"
"New Mexico",2023,"White",20.8,"breast"
"New Mexico",2023,"Black",NA,"breast"
"New Mexico",2023,"Hispanic",19.1,"breast"
"New Mexico",2023,"American_Indian_AlaskaNative",NA,"breast"
"New Mexico",2023,"Asian",NA,"breast"
"New Mexico",2023,"Native_Hawaiian_Pacific_Islander",NA,"breast"
"New Mexico",2023,"Multiple_Races",NA,"breast"
"New Mexico",2023,"Overall",19.9,"breast"
"New York",2023,"White",15.7,"breast"
"New York",2023,"Black",22.3,"breast"
"New York",2023,"Hispanic",11.5,"breast"
"New York",2023,"American_Indian_AlaskaNative",NA,"breast"
"New York",2023,"Asian",9.6,"breast"
"New York",2023,"Native_Hawaiian_Pacific_Islander",NA,"breast"
"New York",2023,"Multiple_Races",NA,"breast"
"New York",2023,"Overall",15.6,"breast"
"North Carolina",2023,"White",18.6,"breast"
"North Carolina",2023,"Black",26.6,"breast"
"North Carolina",2023,"Hispanic",10.6,"breast"
"North Carolina",2023,"American_Indian_AlaskaNative",NA,"breast"
"North Carolina",2023,"Asian",NA,"breast"
"North Carolina",2023,"Native_Hawaiian_Pacific_Islander",NA,"breast"
"North Carolina",2023,"Multiple_Races",NA,"breast"
"North Carolina",2023,"Overall",19.6,"breast"
"North Dakota",2023,"White",17.6,"breast"
"North Dakota",2023,"Black",NA,"breast"
"North Dakota",2023,"Hispanic",NA,"breast"
"North Dakota",2023,"American_Indian_AlaskaNative",NA,"breast"
"North Dakota",2023,"Asian",NA,"breast"
"North Dakota",2023,"Native_Hawaiian_Pacific_Islander",NA,"breast"
"North Dakota",2023,"Multiple_Races",NA,"breast"
"North Dakota",2023,"Overall",16.8,"breast"
"Ohio",2023,"White",19.4,"breast"
"Ohio",2023,"Black",28.8,"breast"
"Ohio",2023,"Hispanic",12.1,"breast"
"Ohio",2023,"American_Indian_AlaskaNative",NA,"breast"
"Ohio",2023,"Asian",NA,"breast"
"Ohio",2023,"Native_Hawaiian_Pacific_Islander",NA,"breast"
"Ohio",2023,"Multiple_Races",NA,"breast"
"Ohio",2023,"Overall",20,"breast"
"Oklahoma",2023,"White",22.9,"breast"
"Oklahoma",2023,"Black",29.5,"breast"
"Oklahoma",2023,"Hispanic",NA,"breast"
"Oklahoma",2023,"American_Indian_AlaskaNative",22.4,"breast"
"Oklahoma",2023,"Asian",NA,"breast"
"Oklahoma",2023,"Native_Hawaiian_Pacific_Islander",NA,"breast"
"Oklahoma",2023,"Multiple_Races",26,"breast"
"Oklahoma",2023,"Overall",22.7,"breast"
"Oregon",2023,"White",20.2,"breast"
"Oregon",2023,"Black",NA,"breast"
"Oregon",2023,"Hispanic",NA,"breast"
"Oregon",2023,"American_Indian_AlaskaNative",NA,"breast"
"Oregon",2023,"Asian",NA,"breast"
"Oregon",2023,"Native_Hawaiian_Pacific_Islander",NA,"breast"
"Oregon",2023,"Multiple_Races",NA,"breast"
"Oregon",2023,"Overall",18.9,"breast"
"Pennsylvania",2023,"White",18,"breast"
"Pennsylvania",2023,"Black",25.8,"breast"
"Pennsylvania",2023,"Hispanic",12.4,"breast"
"Pennsylvania",2023,"American_Indian_AlaskaNative",NA,"breast"
"Pennsylvania",2023,"Asian",11.3,"breast"
"Pennsylvania",2023,"Native_Hawaiian_Pacific_Islander",NA,"breast"
"Pennsylvania",2023,"Multiple_Races",NA,"breast"
"Pennsylvania",2023,"Overall",18.2,"breast"
"Rhode Island",2023,"White",17.7,"breast"
"Rhode Island",2023,"Black",NA,"breast"
"Rhode Island",2023,"Hispanic",NA,"breast"
"Rhode Island",2023,"American_Indian_AlaskaNative",NA,"breast"
"Rhode Island",2023,"Asian",NA,"breast"
"Rhode Island",2023,"Native_Hawaiian_Pacific_Islander",NA,"breast"
"Rhode Island",2023,"Multiple_Races",NA,"breast"
"Rhode Island",2023,"Overall",16.8,"breast"
"South Carolina",2023,"White",18.3,"breast"
"South Carolina",2023,"Black",28.1,"breast"
"South Carolina",2023,"Hispanic",NA,"breast"
"South Carolina",2023,"American_Indian_AlaskaNative",NA,"breast"
"South Carolina",2023,"Asian",NA,"breast"
"South Carolina",2023,"Native_Hawaiian_Pacific_Islander",NA,"breast"
"South Carolina",2023,"Multiple_Races",NA,"breast"
"South Carolina",2023,"Overall",20.2,"breast"
"South Dakota",2023,"White",15,"breast"
"South Dakota",2023,"Black",NA,"breast"
"South Dakota",2023,"Hispanic",NA,"breast"
"South Dakota",2023,"American_Indian_AlaskaNative",NA,"breast"
"South Dakota",2023,"Asian",NA,"breast"
"South Dakota",2023,"Native_Hawaiian_Pacific_Islander",NA,"breast"
"South Dakota",2023,"Multiple_Races",NA,"breast"
"South Dakota",2023,"Overall",15.4,"breast"
"Tennessee",2023,"White",21.5,"breast"
"Tennessee",2023,"Black",26.5,"breast"
"Tennessee",2023,"Hispanic",14.2,"breast"
"Tennessee",2023,"American_Indian_AlaskaNative",NA,"breast"
"Tennessee",2023,"Asian",NA,"breast"
"Tennessee",2023,"Native_Hawaiian_Pacific_Islander",NA,"breast"
"Tennessee",2023,"Multiple_Races",NA,"breast"
"Tennessee",2023,"Overall",21.4,"breast"
"Texas",2023,"White",21.3,"breast"
"Texas",2023,"Black",26.8,"breast"
"Texas",2023,"Hispanic",14.9,"breast"
"Texas",2023,"American_Indian_AlaskaNative",NA,"breast"
"Texas",2023,"Asian",11.6,"breast"
"Texas",2023,"Native_Hawaiian_Pacific_Islander",NA,"breast"
"Texas",2023,"Multiple_Races",NA,"breast"
"Texas",2023,"Overall",19.7,"breast"
"Utah",2023,"White",20.1,"breast"
"Utah",2023,"Black",NA,"breast"
"Utah",2023,"Hispanic",14.3,"breast"
"Utah",2023,"American_Indian_AlaskaNative",NA,"breast"
"Utah",2023,"Asian",NA,"breast"
"Utah",2023,"Native_Hawaiian_Pacific_Islander",NA,"breast"
"Utah",2023,"Multiple_Races",NA,"breast"
"Utah",2023,"Overall",19.6,"breast"
"Vermont",2023,"White",18.5,"breast"
"Vermont",2023,"Black",NA,"breast"
"Vermont",2023,"Hispanic",NA,"breast"
"Vermont",2023,"American_Indian_AlaskaNative",NA,"breast"
"Vermont",2023,"Asian",NA,"breast"
"Vermont",2023,"Native_Hawaiian_Pacific_Islander",NA,"breast"
"Vermont",2023,"Multiple_Races",NA,"breast"
"Vermont",2023,"Overall",18.1,"breast"
"Virginia",2023,"White",18.6,"breast"
"Virginia",2023,"Black",26.1,"breast"
"Virginia",2023,"Hispanic",9.6,"breast"
"Virginia",2023,"American_Indian_AlaskaNative",NA,"breast"
"Virginia",2023,"Asian",10.7,"breast"
"Virginia",2023,"Native_Hawaiian_Pacific_Islander",NA,"breast"
"Virginia",2023,"Multiple_Races",NA,"breast"
"Virginia",2023,"Overall",18.9,"breast"
"Washington",2023,"White",20.2,"breast"
"Washington",2023,"Black",25.6,"breast"
"Washington",2023,"Hispanic",10.5,"breast"
"Washington",2023,"American_Indian_AlaskaNative",NA,"breast"
"Washington",2023,"Asian",8.2,"breast"
"Washington",2023,"Native_Hawaiian_Pacific_Islander",NA,"breast"
"Washington",2023,"Multiple_Races",NA,"breast"
"Washington",2023,"Overall",18.9,"breast"
"West Virginia",2023,"White",21.2,"breast"
"West Virginia",2023,"Black",NA,"breast"
"West Virginia",2023,"Hispanic",NA,"breast"
"West Virginia",2023,"American_Indian_AlaskaNative",NA,"breast"
"West Virginia",2023,"Asian",NA,"breast"
"West Virginia",2023,"Native_Hawaiian_Pacific_Islander",NA,"breast"
"West Virginia",2023,"Multiple_Races",NA,"breast"
"West Virginia",2023,"Overall",20.8,"breast"
"Wisconsin",2023,"White",16.5,"breast"
"Wisconsin",2023,"Black",23.9,"breast"
"Wisconsin",2023,"Hispanic",NA,"breast"
"Wisconsin",2023,"American_Indian_AlaskaNative",NA,"breast"
"Wisconsin",2023,"Asian",NA,"breast"
"Wisconsin",2023,"Native_Hawaiian_Pacific_Islander",NA,"breast"
"Wisconsin",2023,"Multiple_Races",NA,"breast"
"Wisconsin",2023,"Overall",16.5,"breast"
"Wyoming",2023,"White",19,"breast"
"Wyoming",2023,"Black",NA,"breast"
"Wyoming",2023,"Hispanic",NA,"breast"
"Wyoming",2023,"American_Indian_AlaskaNative",NA,"breast"
"Wyoming",2023,"Asian",NA,"breast"
"Wyoming",2023,"Native_Hawaiian_Pacific_Islander",NA,"breast"
"Wyoming",2023,"Multiple_Races",NA,"breast"
"Wyoming",2023,"Overall",18.3,"breast"
